relation,x_type,y_type,x_id,y_id
cellcomp_protein,cellular_component,gene/protein,kg4rd:5737,kg4rd:1605
drug_protein,drug,gene/protein,kg4rd:15083,kg4rd:2660
disease_phenotype_positive,disease,effect/phenotype,kg4rd:10679,kg4rd:969
disease_phenotype_positive,disease,effect/phenotype,kg4rd:10399,kg4rd:8244
disease_protein,disease,gene/protein,kg4rd:10679,kg4rd:8864
disease_protein,disease,gene/protein,kg4rd:10311,kg4rd:2006
disease_phenotype_positive,disease,effect/phenotype,kg4rd:10679,kg4rd:1635
disease_protein,disease,gene/protein,kg4rd:10311,kg4rd:1289
anatomy_protein_absent,anatomy,gene/protein,kg4rd:2354,kg4rd:1756
disease_phenotype_positive,disease,effect/phenotype,kg4rd:10679,kg4rd:4395
indication,drug,disease,kg4rd:612,kg4rd:10679
disease_phenotype_positive,disease,effect/phenotype,kg4rd:7947,kg4rd:1382
drug_effect,drug,effect/phenotype,kg4rd:860,kg4rd:5162
disease_phenotype_positive,disease,effect/phenotype,kg4rd:10679,kg4rd:25406
disease_phenotype_positive,disease,effect/phenotype,kg4rd:10679,kg4rd:3202
indication,drug,disease,kg4rd:9081,kg4rd:10679
indication,drug,disease,kg4rd:4418,kg4rd:10679
indication,drug,disease,kg4rd:12645,kg4rd:10679
disease_phenotype_positive,disease,effect/phenotype,kg4rd:10651,kg4rd:2747
disease_protein,disease,gene/protein,kg4rd:11486,kg4rd:79147
indication,drug,disease,kg4rd:737,kg4rd:8015
disease_disease,disease,disease,kg4rd:16147,kg4rd:10542
pathway_protein,pathway,gene/protein,kg4rd:R-HSA-75893,kg4rd:4086
disease_disease,disease,disease,kg4rd:10311,kg4rd:10383
disease_phenotype_positive,disease,effect/phenotype,kg4rd:10679,kg4rd:1685
disease_protein,disease,gene/protein,kg4rd:10311,kg4rd:1756
disease_phenotype_positive,disease,effect/phenotype,kg4rd:10679,kg4rd:2019
anatomy_protein_present,anatomy,gene/protein,kg4rd:1388,kg4rd:1756
disease_disease,disease,disease,kg4rd:10679,kg4rd:5045
phenotype_protein,effect/phenotype,gene/protein,kg4rd:1635,kg4rd:1756
disease_phenotype_positive,disease,effect/phenotype,kg4rd:10679,kg4rd:739
disease_protein,disease,gene/protein,kg4rd:16147,kg4rd:7273
phenotype_protein,effect/phenotype,gene/protein,kg4rd:2505,kg4rd:6696
indication,drug,disease,kg4rd:16360,kg4rd:19810
anatomy_protein_present,anatomy,gene/protein,kg4rd:5090,kg4rd:1756
disease_phenotype_positive,disease,effect/phenotype,kg4rd:10679,kg4rd:2194
indication,drug,disease,kg4rd:4652,kg4rd:10679
pathway_protein,pathway,gene/protein,kg4rd:R-HSA-170834,kg4rd:10631
disease_protein,disease,gene/protein,kg4rd:10679,kg4rd:7402
disease_protein,disease,gene/protein,kg4rd:11925,kg4rd:3908
indication,drug,disease,kg4rd:1234,kg4rd:19810
disease_phenotype_positive,disease,effect/phenotype,kg4rd:10679,kg4rd:708
drug_protein,drug,gene/protein,kg4rd:12888,kg4rd:196
disease_phenotype_positive,disease,effect/phenotype,kg4rd:16971,kg4rd:4950
disease_phenotype_positive,disease,effect/phenotype,kg4rd:10679,kg4rd:3202
phenotype_protein,effect/phenotype,gene/protein,kg4rd:10766,kg4rd:6374
phenotype_phenotype,effect/phenotype,effect/phenotype,kg4rd:2153,kg4rd:1695
disease_disease,disease,disease,kg4rd:10679,kg4rd:5027
disease_phenotype_positive,disease,effect/phenotype,kg4rd:10679,kg4rd:7018
disease_phenotype_positive,disease,effect/phenotype,kg4rd:16147,kg4rd:11675
disease_protein,disease,gene/protein,kg4rd:10679,kg4rd:54461
disease_phenotype_positive,disease,effect/phenotype,kg4rd:10311,kg4rd:9025
disease_protein,disease,gene/protein,kg4rd:4994,kg4rd:1756
disease_phenotype_positive,disease,effect/phenotype,kg4rd:10311,kg4rd:3202
exposure_bioprocess,,biological_process,kg4rd:D000409,kg4rd:40007
disease_disease,disease,disease,kg4rd:10311,kg4rd:19056
bioprocess_protein,biological_process,gene/protein,kg4rd:35148,kg4rd:84624
disease_phenotype_positive,disease,effect/phenotype,kg4rd:10679,kg4rd:25406
cellcomp_protein,cellular_component,gene/protein,kg4rd:42383,kg4rd:1605
disease_protein,disease,gene/protein,kg4rd:10679,kg4rd:7037
disease_protein,disease,gene/protein,kg4rd:10679,kg4rd:719
indication,drug,disease,kg4rd:4652,kg4rd:10311
disease_phenotype_positive,disease,effect/phenotype,kg4rd:20121,kg4rd:2878
disease_phenotype_positive,disease,effect/phenotype,kg4rd:10679,kg4rd:12100
drug_protein,drug,gene/protein,kg4rd:675,kg4rd:2099
disease_phenotype_positive,disease,effect/phenotype,kg4rd:16899,kg4rd:1324
disease_protein,disease,gene/protein,kg4rd:10679,kg4rd:8878
disease_phenotype_positive,disease,effect/phenotype,kg4rd:10311,kg4rd:12100
disease_protein,disease,gene/protein,kg4rd:20121,kg4rd:3908
bioprocess_protein,biological_process,gene/protein,kg4rd:1905877,kg4rd:8204
disease_phenotype_positive,disease,effect/phenotype,kg4rd:10679,kg4rd:3202
drug_protein,drug,gene/protein,kg4rd:9081,kg4rd:2876
drug_protein,drug,gene/protein,kg4rd:16802,kg4rd:1756
bioprocess_protein,biological_process,gene/protein,kg4rd:45117,kg4rd:857
disease_protein,disease,gene/protein,kg4rd:10679,kg4rd:10631
disease_phenotype_positive,disease,effect/phenotype,kg4rd:10679,kg4rd:1631
disease_phenotype_positive,disease,effect/phenotype,kg4rd:10679,kg4rd:2540
disease_protein,disease,gene/protein,kg4rd:20121,kg4rd:1756
disease_phenotype_positive,disease,effect/phenotype,kg4rd:10679,kg4rd:1644
disease_phenotype_positive,disease,effect/phenotype,kg4rd:10311,kg4rd:3202
indication,drug,disease,kg4rd:12645,kg4rd:10679
disease_disease,disease,disease,kg4rd:10679,kg4rd:43218
indication,drug,disease,kg4rd:13688,kg4rd:10679
drug_protein,drug,gene/protein,kg4rd:15114,kg4rd:27087
disease_protein,disease,gene/protein,kg4rd:10679,kg4rd:9759
disease_protein,disease,gene/protein,kg4rd:10679,kg4rd:1152
disease_phenotype_positive,disease,effect/phenotype,kg4rd:10679,kg4rd:3127
disease_phenotype_positive,disease,effect/phenotype,kg4rd:10679,kg4rd:100295
bioprocess_protein,biological_process,gene/protein,kg4rd:51664,kg4rd:7942
drug_protein,drug,gene/protein,kg4rd:18884,kg4rd:1756
drug_protein,drug,gene/protein,kg4rd:12888,kg4rd:7402
disease_phenotype_positive,disease,effect/phenotype,kg4rd:10679,kg4rd:551
disease_phenotype_positive,disease,effect/phenotype,kg4rd:10679,kg4rd:3687
exposure_bioprocess,,biological_process,kg4rd:C060506,kg4rd:48659
disease_phenotype_positive,disease,effect/phenotype,kg4rd:10679,kg4rd:2878
disease_protein,disease,gene/protein,kg4rd:19079,kg4rd:6607
disease_phenotype_positive,disease,effect/phenotype,kg4rd:10679,kg4rd:1249
exposure_bioprocess,,biological_process,kg4rd:C045021,kg4rd:42246
bioprocess_protein,biological_process,gene/protein,kg4rd:51170,kg4rd:10413
disease_phenotype_positive,disease,effect/phenotype,kg4rd:15128,kg4rd:2329
disease_protein,disease,gene/protein,kg4rd:10679,kg4rd:84552
disease_phenotype_positive,disease,effect/phenotype,kg4rd:5336,kg4rd:3236
disease_phenotype_positive,disease,effect/phenotype,kg4rd:10679,kg4rd:12
disease_phenotype_positive,disease,effect/phenotype,kg4rd:10679,kg4rd:100033
disease_phenotype_positive,disease,effect/phenotype,kg4rd:10679,kg4rd:33044
disease_phenotype_positive,disease,effect/phenotype,kg4rd:10679,kg4rd:2344
indication,drug,disease,kg4rd:12645,kg4rd:20121
disease_phenotype_positive,disease,effect/phenotype,kg4rd:20121,kg4rd:7009
exposure_bioprocess,,biological_process,kg4rd:D004967,kg4rd:8152
disease_phenotype_positive,disease,effect/phenotype,kg4rd:10679,kg4rd:11097
disease_phenotype_positive,disease,effect/phenotype,kg4rd:10679,kg4rd:1640
disease_protein,disease,gene/protein,kg4rd:10679,kg4rd:27250
disease_phenotype_positive,disease,effect/phenotype,kg4rd:10679,kg4rd:939
exposure_bioprocess,,biological_process,kg4rd:C542291,kg4rd:6954
drug_effect,drug,effect/phenotype,kg4rd:17048,kg4rd:25464
disease_phenotype_positive,disease,effect/phenotype,kg4rd:10679,kg4rd:1714
disease_phenotype_positive,disease,effect/phenotype,kg4rd:20121,kg4rd:3202
indication,drug,disease,kg4rd:635,kg4rd:10679
drug_drug,drug,drug,kg4rd:790,kg4rd:612
disease_phenotype_positive,disease,effect/phenotype,kg4rd:10679,kg4rd:708
disease_disease,disease,disease,kg4rd:10679,kg4rd:19079
disease_phenotype_positive,disease,effect/phenotype,kg4rd:16147,kg4rd:717
disease_protein,disease,gene/protein,kg4rd:10679,kg4rd:2934
disease_phenotype_positive,disease,effect/phenotype,kg4rd:10679,kg4rd:3676
disease_disease,disease,disease,kg4rd:10679,kg4rd:43218
disease_protein,disease,gene/protein,kg4rd:20121,kg4rd:83667
disease_phenotype_positive,disease,effect/phenotype,kg4rd:10679,kg4rd:2094
bioprocess_protein,biological_process,gene/protein,kg4rd:6955,kg4rd:6387
drug_effect,drug,effect/phenotype,kg4rd:5016,kg4rd:3677
disease_phenotype_positive,disease,effect/phenotype,kg4rd:10679,kg4rd:2659
disease_protein,disease,gene/protein,kg4rd:10679,kg4rd:1462
disease_protein,disease,gene/protein,kg4rd:10679,kg4rd:10468
disease_protein,disease,gene/protein,kg4rd:10679,kg4rd:101927204
disease_phenotype_positive,disease,effect/phenotype,kg4rd:10679,kg4rd:25502
anatomy_protein_present,anatomy,gene/protein,kg4rd:1015,kg4rd:3934
disease_phenotype_positive,disease,effect/phenotype,kg4rd:10679,kg4rd:2953
disease_phenotype_positive,disease,effect/phenotype,kg4rd:10679,kg4rd:3199
disease_phenotype_positive,disease,effect/phenotype,kg4rd:10679,kg4rd:1644
disease_phenotype_positive,disease,effect/phenotype,kg4rd:16147,kg4rd:7018
disease_phenotype_positive,disease,effect/phenotype,kg4rd:10679,kg4rd:2540
disease_phenotype_positive,disease,effect/phenotype,kg4rd:10311,kg4rd:2153
disease_phenotype_positive,disease,effect/phenotype,kg4rd:10679,kg4rd:3701
bioprocess_protein,biological_process,gene/protein,kg4rd:43403,kg4rd:83667
disease_phenotype_positive,disease,effect/phenotype,kg4rd:10679,kg4rd:2505
disease_protein,disease,gene/protein,kg4rd:10679,kg4rd:1270
disease_phenotype_positive,disease,effect/phenotype,kg4rd:10679,kg4rd:4322
disease_phenotype_positive,disease,effect/phenotype,kg4rd:10679,kg4rd:5162
disease_phenotype_positive,disease,effect/phenotype,kg4rd:10679,kg4rd:12531
disease_phenotype_positive,disease,effect/phenotype,kg4rd:10679,kg4rd:1249
disease_protein,disease,gene/protein,kg4rd:10679,kg4rd:9780
bioprocess_protein,biological_process,gene/protein,kg4rd:33002,kg4rd:3565
drug_effect,drug,effect/phenotype,kg4rd:11921,kg4rd:518
exposure_bioprocess,,biological_process,kg4rd:C575255,kg4rd:140937
bioprocess_protein,biological_process,gene/protein,kg4rd:6954,kg4rd:6387
bioprocess_protein,biological_process,gene/protein,kg4rd:33002,kg4rd:3596
disease_phenotype_positive,disease,effect/phenotype,kg4rd:10679,kg4rd:2870
disease_phenotype_positive,disease,effect/phenotype,kg4rd:10679,kg4rd:2757
bioprocess_protein,biological_process,gene/protein,kg4rd:43403,kg4rd:7476
disease_phenotype_positive,disease,effect/phenotype,kg4rd:20121,kg4rd:1638
disease_phenotype_positive,disease,effect/phenotype,kg4rd:10679,kg4rd:9067
disease_protein,disease,gene/protein,kg4rd:18881,kg4rd:3146
disease_protein,disease,gene/protein,kg4rd:5180,kg4rd:5071
drug_effect,drug,effect/phenotype,kg4rd:16802,kg4rd:12819
disease_phenotype_positive,disease,effect/phenotype,kg4rd:10311,kg4rd:1644
disease_phenotype_positive,disease,effect/phenotype,kg4rd:10679,kg4rd:2359
disease_phenotype_positive,disease,effect/phenotype,kg4rd:10679,kg4rd:3774
disease_protein,disease,gene/protein,kg4rd:10679,kg4rd:2660
disease_phenotype_positive,disease,effect/phenotype,kg4rd:10679,kg4rd:4389
drug_protein,drug,gene/protein,kg4rd:820,kg4rd:5144
disease_phenotype_positive,disease,effect/phenotype,kg4rd:10679,kg4rd:25169
pathway_protein,pathway,gene/protein,kg4rd:R-HSA-198745,kg4rd:2335
disease_phenotype_positive,disease,effect/phenotype,kg4rd:43797,kg4rd:2747
disease_protein,disease,gene/protein,kg4rd:10679,kg4rd:834
anatomy_protein_present,anatomy,gene/protein,kg4rd:15230,kg4rd:7402
disease_protein,disease,gene/protein,kg4rd:20121,kg4rd:859
disease_phenotype_positive,disease,effect/phenotype,kg4rd:10679,kg4rd:100543
drug_protein,drug,gene/protein,kg4rd:860,kg4rd:2335
disease_phenotype_positive,disease,effect/phenotype,kg4rd:15128,kg4rd:1943
indication,drug,disease,kg4rd:860,kg4rd:4994
indication,drug,disease,kg4rd:14984,kg4rd:10679
bioprocess_protein,biological_process,gene/protein,kg4rd:19043,kg4rd:1756
disease_phenotype_positive,disease,effect/phenotype,kg4rd:10679,kg4rd:25502
disease_protein,disease,gene/protein,kg4rd:10679,kg4rd:401093
disease_protein,disease,gene/protein,kg4rd:20121,kg4rd:1291
disease_protein,disease,gene/protein,kg4rd:10679,kg4rd:7846
disease_phenotype_positive,disease,effect/phenotype,kg4rd:10679,kg4rd:708
disease_phenotype_positive,disease,effect/phenotype,kg4rd:10679,kg4rd:3693
bioprocess_protein,biological_process,gene/protein,kg4rd:6954,kg4rd:6885
disease_protein,disease,gene/protein,kg4rd:10679,kg4rd:8878
disease_phenotype_positive,disease,effect/phenotype,kg4rd:10679,kg4rd:2088
disease_phenotype_positive,disease,effect/phenotype,kg4rd:10679,kg4rd:11947
disease_protein,disease,gene/protein,kg4rd:10679,kg4rd:55214
phenotype_protein,effect/phenotype,gene/protein,kg4rd:3202,kg4rd:10013
drug_protein,drug,gene/protein,kg4rd:15114,kg4rd:2908
indication,drug,disease,kg4rd:15593,kg4rd:10679
disease_phenotype_positive,disease,effect/phenotype,kg4rd:11925,kg4rd:6001147
bioprocess_protein,biological_process,gene/protein,kg4rd:51493,kg4rd:10413
disease_phenotype_positive,disease,effect/phenotype,kg4rd:10311,kg4rd:772
disease_protein,disease,gene/protein,kg4rd:8054,kg4rd:9636
anatomy_protein_present,anatomy,gene/protein,kg4rd:5090,kg4rd:1029
bioprocess_protein,biological_process,gene/protein,kg4rd:35148,kg4rd:928
disease_phenotype_positive,disease,effect/phenotype,kg4rd:10679,kg4rd:3287
disease_protein,disease,gene/protein,kg4rd:1010934,kg4rd:79147
disease_protein,disease,gene/protein,kg4rd:10679,kg4rd:6696
disease_phenotype_positive,disease,effect/phenotype,kg4rd:10679,kg4rd:3287
anatomy_protein_present,anatomy,gene/protein,kg4rd:1017,kg4rd:1756
disease_protein,disease,gene/protein,kg4rd:10679,kg4rd:4976
exposure_protein,,gene/protein,kg4rd:C506248,kg4rd:6346
indication,drug,disease,kg4rd:5016,kg4rd:10679
disease_phenotype_positive,disease,effect/phenotype,kg4rd:10679,kg4rd:1638
disease_phenotype_positive,disease,effect/phenotype,kg4rd:16147,kg4rd:3323
drug_protein,drug,gene/protein,kg4rd:16862,kg4rd:23411
disease_phenotype_positive,disease,effect/phenotype,kg4rd:10679,kg4rd:3323
disease_protein,disease,gene/protein,kg4rd:1010441,kg4rd:10413
disease_phenotype_positive,disease,effect/phenotype,kg4rd:10679,kg4rd:5162
disease_phenotype_positive,disease,effect/phenotype,kg4rd:10679,kg4rd:9826
disease_protein,disease,gene/protein,kg4rd:5578,kg4rd:10394
disease_protein,disease,gene/protein,kg4rd:10311,kg4rd:5081
disease_phenotype_positive,disease,effect/phenotype,kg4rd:16899,kg4rd:34392
disease_phenotype_positive,disease,effect/phenotype,kg4rd:10679,kg4rd:100750
drug_effect,drug,effect/phenotype,kg4rd:563,kg4rd:1324
bioprocess_protein,biological_process,gene/protein,kg4rd:16236,kg4rd:50650
drug_protein,drug,gene/protein,kg4rd:313,kg4rd:1756
disease_phenotype_positive,disease,effect/phenotype,kg4rd:10679,kg4rd:2615
bioprocess_protein,biological_process,gene/protein,kg4rd:30330,kg4rd:7157
disease_protein,disease,gene/protein,kg4rd:10311,kg4rd:1017
indication,drug,disease,kg4rd:15010,kg4rd:10679
disease_protein,disease,gene/protein,kg4rd:10679,kg4rd:55669
disease_phenotype_positive,disease,effect/phenotype,kg4rd:10679,kg4rd:3552
disease_protein,disease,gene/protein,kg4rd:10679,kg4rd:7076
disease_phenotype_positive,disease,effect/phenotype,kg4rd:10679,kg4rd:5200283
indication,drug,disease,kg4rd:16802,kg4rd:10679
disease_protein,disease,gene/protein,kg4rd:10679,kg4rd:664
disease_protein,disease,gene/protein,kg4rd:5252,kg4rd:1756
disease_protein,disease,gene/protein,kg4rd:10679,kg4rd:6885
disease_protein,disease,gene/protein,kg4rd:10679,kg4rd:4632
drug_protein,drug,gene/protein,kg4rd:4997,kg4rd:3676
disease_phenotype_positive,disease,effect/phenotype,kg4rd:10679,kg4rd:5162
disease_protein,disease,gene/protein,kg4rd:10679,kg4rd:9975
disease_protein,disease,gene/protein,kg4rd:10679,kg4rd:1293
anatomy_protein_present,anatomy,gene/protein,kg4rd:1103,kg4rd:1756
drug_protein,drug,gene/protein,kg4rd:737,kg4rd:4642
disease_protein,disease,gene/protein,kg4rd:10679,kg4rd:100419743
anatomy_protein_present,anatomy,gene/protein,kg4rd:956,kg4rd:1756
bioprocess_protein,biological_process,gene/protein,kg4rd:31099,kg4rd:219
anatomy_protein_present,anatomy,gene/protein,kg4rd:2036,kg4rd:1756
disease_protein,disease,gene/protein,kg4rd:10679,kg4rd:1756
disease_phenotype_positive,disease,effect/phenotype,kg4rd:10155,kg4rd:1263
indication,drug,disease,kg4rd:9081,kg4rd:10679
phenotype_phenotype,effect/phenotype,effect/phenotype,kg4rd:3201,kg4rd:1695
disease_protein,disease,gene/protein,kg4rd:10679,kg4rd:716
disease_phenotype_positive,disease,effect/phenotype,kg4rd:10679,kg4rd:33677
drug_effect,drug,effect/phenotype,kg4rd:6014,kg4rd:1945
disease_protein,disease,gene/protein,kg4rd:9675,kg4rd:825
anatomy_protein_present,anatomy,gene/protein,kg4rd:1388,kg4rd:1756
phenotype_protein,effect/phenotype,gene/protein,kg4rd:1699,kg4rd:1756
indication,drug,disease,kg4rd:18206,kg4rd:10679
disease_disease,disease,disease,kg4rd:10679,kg4rd:5249
indication,drug,disease,kg4rd:18884,kg4rd:10679
disease_phenotype_positive,disease,effect/phenotype,kg4rd:10679,kg4rd:1638
disease_phenotype_positive,disease,effect/phenotype,kg4rd:10679,kg4rd:34314
disease_phenotype_positive,disease,effect/phenotype,kg4rd:10679,kg4rd:33428
disease_disease,disease,disease,kg4rd:10679,kg4rd:7743
indication,drug,disease,kg4rd:11094,kg4rd:5298
disease_phenotype_positive,disease,effect/phenotype,kg4rd:10679,kg4rd:750
indication,drug,disease,kg4rd:15005,kg4rd:10679
phenotype_protein,effect/phenotype,gene/protein,kg4rd:1324,kg4rd:246329
phenotype_protein,effect/phenotype,gene/protein,kg4rd:11969,kg4rd:5741
bioprocess_protein,biological_process,gene/protein,kg4rd:48740,kg4rd:1462
drug_effect,drug,effect/phenotype,kg4rd:4652,kg4rd:1644
bioprocess_protein,biological_process,gene/protein,kg4rd:31099,kg4rd:223
indication,drug,disease,kg4rd:15593,kg4rd:10679
disease_phenotype_positive,disease,effect/phenotype,kg4rd:10679,kg4rd:1635
disease_protein,disease,gene/protein,kg4rd:9681,kg4rd:1291
disease_protein,disease,gene/protein,kg4rd:4992,kg4rd:1756
drug_protein,drug,gene/protein,kg4rd:12618,kg4rd:27035
disease_phenotype_positive,disease,effect/phenotype,kg4rd:10679,kg4rd:3287
indication,drug,disease,kg4rd:6014,kg4rd:10679
indication,drug,disease,kg4rd:635,kg4rd:4994
disease_phenotype_positive,disease,effect/phenotype,kg4rd:10311,kg4rd:1635
indication,drug,disease,kg4rd:11921,kg4rd:10311
indication,drug,disease,kg4rd:5016,kg4rd:16147
disease_protein,disease,gene/protein,kg4rd:20121,kg4rd:7273
disease_protein,disease,gene/protein,kg4rd:10679,kg4rd:1407
disease_phenotype_positive,disease,effect/phenotype,kg4rd:10311,kg4rd:3701
exposure_bioprocess,,biological_process,kg4rd:C007845,kg4rd:40011
disease_phenotype_positive,disease,effect/phenotype,kg4rd:10679,kg4rd:3724
disease_phenotype_positive,disease,effect/phenotype,kg4rd:10679,kg4rd:5200283
indication,drug,disease,kg4rd:6014,kg4rd:10679
disease_protein,disease,gene/protein,kg4rd:10311,kg4rd:1756
cellcomp_protein,cellular_component,gene/protein,kg4rd:42383,kg4rd:4842
bioprocess_protein,biological_process,gene/protein,kg4rd:16567,kg4rd:58529
bioprocess_protein,biological_process,gene/protein,kg4rd:31099,kg4rd:220
disease_phenotype_positive,disease,effect/phenotype,kg4rd:20121,kg4rd:1685
drug_protein,drug,gene/protein,kg4rd:9081,kg4rd:7124
anatomy_protein_present,anatomy,gene/protein,kg4rd:1134,kg4rd:1756
disease_protein,disease,gene/protein,kg4rd:10679,kg4rd:361
drug_effect,drug,effect/phenotype,kg4rd:83,kg4rd:602
bioprocess_protein,biological_process,gene/protein,kg4rd:1990765,kg4rd:1756
disease_phenotype_positive,disease,effect/phenotype,kg4rd:10679,kg4rd:100033
disease_disease,disease,disease,kg4rd:10679,kg4rd:757
bioprocess_protein,biological_process,gene/protein,kg4rd:16567,kg4rd:51132
disease_phenotype_positive,disease,effect/phenotype,kg4rd:10679,kg4rd:6532
disease_phenotype_positive,disease,effect/phenotype,kg4rd:10679,kg4rd:41166
disease_phenotype_positive,disease,effect/phenotype,kg4rd:10679,kg4rd:3693
indication,drug,disease,kg4rd:9081,kg4rd:10679
indication,drug,disease,kg4rd:15114,kg4rd:10679
disease_phenotype_positive,disease,effect/phenotype,kg4rd:10679,kg4rd:6001166
anatomy_protein_present,anatomy,gene/protein,kg4rd:5090,kg4rd:23476
drug_effect,drug,effect/phenotype,kg4rd:6285,kg4rd:25736
drug_effect,drug,effect/phenotype,kg4rd:1136,kg4rd:12664
disease_phenotype_positive,disease,effect/phenotype,kg4rd:10679,kg4rd:4386
indication,drug,disease,kg4rd:959,kg4rd:19810
disease_protein,disease,gene/protein,kg4rd:20121,kg4rd:8557
disease_protein,disease,gene/protein,kg4rd:10679,kg4rd:664
disease_phenotype_positive,disease,effect/phenotype,kg4rd:20121,kg4rd:3202
disease_phenotype_positive,disease,effect/phenotype,kg4rd:10679,kg4rd:2093
indication,drug,disease,kg4rd:16802,kg4rd:10679
disease_phenotype_positive,disease,effect/phenotype,kg4rd:10679,kg4rd:200008
disease_phenotype_positive,disease,effect/phenotype,kg4rd:10679,kg4rd:1324
drug_effect,drug,effect/phenotype,kg4rd:11921,kg4rd:100614
disease_protein,disease,gene/protein,kg4rd:4994,kg4rd:1756
disease_phenotype_positive,disease,effect/phenotype,kg4rd:10679,kg4rd:3677
disease_phenotype_positive,disease,effect/phenotype,kg4rd:10679,kg4rd:4000070
off-label use,drug,disease,kg4rd:675,kg4rd:1010441
indication,drug,disease,kg4rd:630,kg4rd:10679
disease_protein,disease,gene/protein,kg4rd:8056,kg4rd:1756
disease_protein,disease,gene/protein,kg4rd:10679,kg4rd:7099
disease_phenotype_positive,disease,effect/phenotype,kg4rd:10311,kg4rd:1653
disease_protein,disease,gene/protein,kg4rd:10679,kg4rd:358
drug_effect,drug,effect/phenotype,kg4rd:12645,kg4rd:2013
disease_disease,disease,disease,kg4rd:10679,kg4rd:6816
disease_phenotype_positive,disease,effect/phenotype,kg4rd:10679,kg4rd:2015
disease_phenotype_positive,disease,effect/phenotype,kg4rd:10679,kg4rd:3323
indication,drug,disease,kg4rd:5016,kg4rd:10679
disease_phenotype_positive,disease,effect/phenotype,kg4rd:10679,kg4rd:2098
disease_protein,disease,gene/protein,kg4rd:8054,kg4rd:23586
disease_phenotype_positive,disease,effect/phenotype,kg4rd:1347,kg4rd:2597
drug_effect,drug,effect/phenotype,kg4rd:18669,kg4rd:12819
drug_protein,drug,gene/protein,kg4rd:13345,kg4rd:1756
disease_protein,disease,gene/protein,kg4rd:10399,kg4rd:190
bioprocess_protein,biological_process,gene/protein,kg4rd:10149,kg4rd:1029
disease_disease,disease,disease,kg4rd:10679,kg4rd:5267
disease_phenotype_positive,disease,effect/phenotype,kg4rd:10679,kg4rd:1756
disease_protein,disease,gene/protein,kg4rd:13170,kg4rd:8425
disease_phenotype_positive,disease,effect/phenotype,kg4rd:10679,kg4rd:12337
disease_protein,disease,gene/protein,kg4rd:10679,kg4rd:387
disease_protein,disease,gene/protein,kg4rd:10679,kg4rd:23411
disease_phenotype_positive,disease,effect/phenotype,kg4rd:10679,kg4rd:2150
disease_phenotype_positive,disease,effect/phenotype,kg4rd:10679,kg4rd:3323
indication,drug,disease,kg4rd:4652,kg4rd:10679
disease_phenotype_positive,disease,effect/phenotype,kg4rd:10679,kg4rd:41166
disease_protein,disease,gene/protein,kg4rd:10679,kg4rd:7298
anatomy_protein_present,anatomy,gene/protein,kg4rd:15230,kg4rd:494327
disease_phenotype_positive,disease,effect/phenotype,kg4rd:15128,kg4rd:1010
disease_phenotype_positive,disease,effect/phenotype,kg4rd:10679,kg4rd:2747
disease_protein,disease,gene/protein,kg4rd:10679,kg4rd:10891
disease_protein,disease,gene/protein,kg4rd:10679,kg4rd:2335
indication,drug,disease,kg4rd:4997,kg4rd:10679
disease_phenotype_positive,disease,effect/phenotype,kg4rd:10679,kg4rd:805
phenotype_protein,effect/phenotype,gene/protein,kg4rd:25464,kg4rd:7026
bioprocess_protein,biological_process,gene/protein,kg4rd:43696,kg4rd:9748
indication,drug,disease,kg4rd:9083,kg4rd:10679
anatomy_protein_present,anatomy,gene/protein,kg4rd:2349,kg4rd:1756
disease_protein,disease,gene/protein,kg4rd:10679,kg4rd:6688
disease_phenotype_positive,disease,effect/phenotype,kg4rd:10679,kg4rd:1249
indication,drug,disease,kg4rd:8908,kg4rd:5083
disease_protein,disease,gene/protein,kg4rd:10679,kg4rd:1756
disease_phenotype_positive,disease,effect/phenotype,kg4rd:10679,kg4rd:1644
bioprocess_protein,biological_process,gene/protein,kg4rd:45445,kg4rd:4209
disease_protein,disease,gene/protein,kg4rd:20121,kg4rd:1756
disease_phenotype_positive,disease,effect/phenotype,kg4rd:10679,kg4rd:2808
phenotype_phenotype,effect/phenotype,effect/phenotype,kg4rd:739,kg4rd:6000029
disease_protein,disease,gene/protein,kg4rd:3939,kg4rd:2335
disease_phenotype_positive,disease,effect/phenotype,kg4rd:16147,kg4rd:716
phenotype_phenotype,effect/phenotype,effect/phenotype,kg4rd:9113,kg4rd:2791
disease_phenotype_positive,disease,effect/phenotype,kg4rd:10311,kg4rd:100543
disease_protein,disease,gene/protein,kg4rd:10679,kg4rd:1756
disease_phenotype_positive,disease,effect/phenotype,kg4rd:10311,kg4rd:1638
bioprocess_protein,biological_process,gene/protein,kg4rd:51146,kg4rd:7026
disease_phenotype_positive,disease,effect/phenotype,kg4rd:20121,kg4rd:9067
anatomy_protein_absent,anatomy,gene/protein,kg4rd:1015,kg4rd:1756
disease_protein,disease,gene/protein,kg4rd:10311,kg4rd:1513
disease_protein,disease,gene/protein,kg4rd:10679,kg4rd:55869
disease_phenotype_positive,disease,effect/phenotype,kg4rd:10679,kg4rd:4395
disease_phenotype_positive,disease,effect/phenotype,kg4rd:10311,kg4rd:3687
exposure_bioprocess,,biological_process,kg4rd:D001621,kg4rd:48468
bioprocess_protein,biological_process,gene/protein,kg4rd:1525,kg4rd:7026
disease_phenotype_positive,disease,effect/phenotype,kg4rd:10679,kg4rd:1252
disease_phenotype_positive,disease,effect/phenotype,kg4rd:10311,kg4rd:3323
bioprocess_protein,biological_process,gene/protein,kg4rd:43403,kg4rd:4205
phenotype_protein,effect/phenotype,gene/protein,kg4rd:1324,kg4rd:1756
disease_protein,disease,gene/protein,kg4rd:7100,kg4rd:7276
indication,drug,disease,kg4rd:18669,kg4rd:10281
disease_protein,disease,gene/protein,kg4rd:10679,kg4rd:1520
anatomy_protein_present,anatomy,gene/protein,kg4rd:2371,kg4rd:7099
disease_phenotype_positive,disease,effect/phenotype,kg4rd:10311,kg4rd:5576
indication,drug,disease,kg4rd:15114,kg4rd:20121
disease_phenotype_positive,disease,effect/phenotype,kg4rd:10679,kg4rd:20110
disease_phenotype_positive,disease,effect/phenotype,kg4rd:10679,kg4rd:11003
bioprocess_protein,biological_process,gene/protein,kg4rd:43696,kg4rd:24145
disease_protein,disease,gene/protein,kg4rd:10679,kg4rd:83988
disease_phenotype_positive,disease,effect/phenotype,kg4rd:10679,kg4rd:3202
disease_protein,disease,gene/protein,kg4rd:10679,kg4rd:3732
disease_phenotype_positive,disease,effect/phenotype,kg4rd:10679,kg4rd:1635
disease_disease,disease,disease,kg4rd:10679,kg4rd:2081
disease_phenotype_positive,disease,effect/phenotype,kg4rd:10679,kg4rd:100543
drug_protein,drug,gene/protein,kg4rd:15005,kg4rd:1756
disease_protein,disease,gene/protein,kg4rd:10679,kg4rd:2162
bioprocess_protein,biological_process,gene/protein,kg4rd:7005,kg4rd:133522
disease_protein,disease,gene/protein,kg4rd:8054,kg4rd:64135
drug_effect,drug,effect/phenotype,kg4rd:1118,kg4rd:1928
disease_protein,disease,gene/protein,kg4rd:10679,kg4rd:4842
disease_phenotype_positive,disease,effect/phenotype,kg4rd:10679,kg4rd:3287
anatomy_protein_present,anatomy,gene/protein,kg4rd:14895,kg4rd:1605
disease_phenotype_positive,disease,effect/phenotype,kg4rd:10679,kg4rd:2353
disease_phenotype_positive,disease,effect/phenotype,kg4rd:10679,kg4rd:45082
bioprocess_protein,biological_process,gene/protein,kg4rd:10149,kg4rd:221476
disease_phenotype_positive,disease,effect/phenotype,kg4rd:10679,kg4rd:12719
disease_protein,disease,gene/protein,kg4rd:10679,kg4rd:7273
disease_protein,disease,gene/protein,kg4rd:10679,kg4rd:1756
disease_protein,disease,gene/protein,kg4rd:20121,kg4rd:23345
disease_protein,disease,gene/protein,kg4rd:10679,kg4rd:7431
indication,drug,disease,kg4rd:15528,kg4rd:19079
disease_protein,disease,gene/protein,kg4rd:10679,kg4rd:4779
disease_phenotype_positive,disease,effect/phenotype,kg4rd:10399,kg4rd:1249
disease_phenotype_positive,disease,effect/phenotype,kg4rd:10679,kg4rd:2791
bioprocess_protein,biological_process,gene/protein,kg4rd:6936,kg4rd:4644
indication,drug,disease,kg4rd:11094,kg4rd:10679
disease_phenotype_positive,disease,effect/phenotype,kg4rd:10679,kg4rd:25169
disease_phenotype_positive,disease,effect/phenotype,kg4rd:10679,kg4rd:2093
bioprocess_protein,biological_process,gene/protein,kg4rd:42692,kg4rd:9869
indication,drug,disease,kg4rd:630,kg4rd:757
disease_phenotype_positive,disease,effect/phenotype,kg4rd:10679,kg4rd:2505
disease_phenotype_positive,disease,effect/phenotype,kg4rd:10679,kg4rd:2938
phenotype_phenotype,effect/phenotype,effect/phenotype,kg4rd:9102,kg4rd:1252
disease_phenotype_positive,disease,effect/phenotype,kg4rd:10679,kg4rd:12531
disease_protein,disease,gene/protein,kg4rd:10679,kg4rd:57591
disease_protein,disease,gene/protein,kg4rd:10679,kg4rd:9181
disease_disease,disease,disease,kg4rd:16147,kg4rd:10679
disease_phenotype_positive,disease,effect/phenotype,kg4rd:10679,kg4rd:100543
drug_effect,drug,effect/phenotype,kg4rd:15114,kg4rd:4324
disease_phenotype_positive,disease,effect/phenotype,kg4rd:16147,kg4rd:722
indication,drug,disease,kg4rd:4652,kg4rd:10679
disease_protein,disease,gene/protein,kg4rd:10679,kg4rd:3146
disease_protein,disease,gene/protein,kg4rd:19079,kg4rd:6606
drug_protein,drug,gene/protein,kg4rd:630,kg4rd:251
disease_phenotype_positive,disease,effect/phenotype,kg4rd:10679,kg4rd:1638
disease_phenotype_positive,disease,effect/phenotype,kg4rd:10679,kg4rd:34314
disease_phenotype_positive,disease,effect/phenotype,kg4rd:10311,kg4rd:1627
disease_phenotype_positive,disease,effect/phenotype,kg4rd:5021,kg4rd:1635
drug_protein,drug,gene/protein,kg4rd:19171,kg4rd:3310
disease_protein,disease,gene/protein,kg4rd:10679,kg4rd:3394
disease_phenotype_positive,disease,effect/phenotype,kg4rd:10679,kg4rd:2149
indication,drug,disease,kg4rd:16862,kg4rd:20121
disease_phenotype_positive,disease,effect/phenotype,kg4rd:10679,kg4rd:3676
disease_protein,disease,gene/protein,kg4rd:10679,kg4rd:51676
disease_protein,disease,gene/protein,kg4rd:10679,kg4rd:10059
disease_phenotype_positive,disease,effect/phenotype,kg4rd:10679,kg4rd:717
indication,drug,disease,kg4rd:8908,kg4rd:10679
indication,drug,disease,kg4rd:959,kg4rd:800120
disease_phenotype_positive,disease,effect/phenotype,kg4rd:10679,kg4rd:2091
phenotype_phenotype,effect/phenotype,effect/phenotype,kg4rd:6532,kg4rd:32341
bioprocess_protein,biological_process,gene/protein,kg4rd:1503,kg4rd:632
disease_phenotype_positive,disease,effect/phenotype,kg4rd:10679,kg4rd:708
disease_disease,disease,disease,kg4rd:10679,kg4rd:20121
disease_protein,disease,gene/protein,kg4rd:10679,kg4rd:50650
disease_phenotype_positive,disease,effect/phenotype,kg4rd:10679,kg4rd:2505
disease_protein,disease,gene/protein,kg4rd:10679,kg4rd:54551
indication,drug,disease,kg4rd:15114,kg4rd:10679
disease_phenotype_positive,disease,effect/phenotype,kg4rd:19056,kg4rd:10807
disease_protein,disease,gene/protein,kg4rd:10679,kg4rd:6502
drug_effect,drug,effect/phenotype,kg4rd:15258,kg4rd:3202
bioprocess_protein,biological_process,gene/protein,kg4rd:97264,kg4rd:823
disease_phenotype_positive,disease,effect/phenotype,kg4rd:10679,kg4rd:2505
indication,drug,disease,kg4rd:13161,kg4rd:19079
exposure_protein,,gene/protein,kg4rd:D008775,kg4rd:10725
drug_protein,drug,gene/protein,kg4rd:737,kg4rd:4619
disease_phenotype_positive,disease,effect/phenotype,kg4rd:10679,kg4rd:5162
disease_protein,disease,gene/protein,kg4rd:20121,kg4rd:6443
bioprocess_protein,biological_process,gene/protein,kg4rd:40007,kg4rd:6885
disease_phenotype_positive,disease,effect/phenotype,kg4rd:10679,kg4rd:4322
disease_protein,disease,gene/protein,kg4rd:10679,kg4rd:57585
disease_phenotype_positive,disease,effect/phenotype,kg4rd:10311,kg4rd:2505
disease_phenotype_positive,disease,effect/phenotype,kg4rd:8394,kg4rd:4322
disease_phenotype_positive,disease,effect/phenotype,kg4rd:10679,kg4rd:3109
disease_phenotype_positive,disease,effect/phenotype,kg4rd:10679,kg4rd:2615
disease_protein,disease,gene/protein,kg4rd:5371,kg4rd:1756
bioprocess_protein,biological_process,gene/protein,kg4rd:7005,kg4rd:10891
disease_phenotype_positive,disease,effect/phenotype,kg4rd:10311,kg4rd:1644
drug_effect,drug,effect/phenotype,kg4rd:6014,kg4rd:2013
indication,drug,disease,kg4rd:11921,kg4rd:10679
disease_phenotype_positive,disease,effect/phenotype,kg4rd:10679,kg4rd:1324
disease_phenotype_positive,disease,effect/phenotype,kg4rd:10679,kg4rd:1942
phenotype_protein,effect/phenotype,gene/protein,kg4rd:2505,kg4rd:958
indication,drug,disease,kg4rd:18669,kg4rd:10679
disease_phenotype_positive,disease,effect/phenotype,kg4rd:10679,kg4rd:9067
disease_protein,disease,gene/protein,kg4rd:10679,kg4rd:7139
phenotype_protein,effect/phenotype,gene/protein,kg4rd:3750,kg4rd:3934
disease_phenotype_positive,disease,effect/phenotype,kg4rd:10679,kg4rd:2091
disease_phenotype_positive,disease,effect/phenotype,kg4rd:5336,kg4rd:10834
disease_phenotype_positive,disease,effect/phenotype,kg4rd:10679,kg4rd:939
bioprocess_protein,biological_process,gene/protein,kg4rd:97528,kg4rd:8737
disease_phenotype_positive,disease,effect/phenotype,kg4rd:10679,kg4rd:2859
disease_protein,disease,gene/protein,kg4rd:10679,kg4rd:10159
disease_phenotype_positive,disease,effect/phenotype,kg4rd:10679,kg4rd:1263
drug_effect,drug,effect/phenotype,kg4rd:584,kg4rd:12664
disease_phenotype_positive,disease,effect/phenotype,kg4rd:10311,kg4rd:1635
disease_protein,disease,gene/protein,kg4rd:10679,kg4rd:6722
disease_protein,disease,gene/protein,kg4rd:16147,kg4rd:5816
disease_disease,disease,disease,kg4rd:10679,kg4rd:16147
disease_phenotype_positive,disease,effect/phenotype,kg4rd:20123,kg4rd:3546
indication,drug,disease,kg4rd:9083,kg4rd:4994
drug_effect,drug,effect/phenotype,kg4rd:9081,kg4rd:6532
indication,drug,disease,kg4rd:11921,kg4rd:10679
disease_phenotype_positive,disease,effect/phenotype,kg4rd:10679,kg4rd:3202
disease_disease,disease,disease,kg4rd:10311,kg4rd:16620
disease_protein,disease,gene/protein,kg4rd:16140,kg4rd:361
disease_protein,disease,gene/protein,kg4rd:10679,kg4rd:6194
bioprocess_protein,biological_process,gene/protein,kg4rd:10149,kg4rd:24
bioprocess_protein,biological_process,gene/protein,kg4rd:70085,kg4rd:124872
indication,drug,disease,kg4rd:8908,kg4rd:5301
disease_disease,disease,disease,kg4rd:10311,kg4rd:16147
disease_phenotype_positive,disease,effect/phenotype,kg4rd:16147,kg4rd:1638
exposure_bioprocess,,biological_process,kg4rd:D004967,kg4rd:3009
disease_phenotype_positive,disease,effect/phenotype,kg4rd:10679,kg4rd:100543
disease_protein,disease,gene/protein,kg4rd:20121,kg4rd:55624
anatomy_protein_present,anatomy,gene/protein,kg4rd:14895,kg4rd:10589
disease_protein,disease,gene/protein,kg4rd:10679,kg4rd:710
indication,drug,disease,kg4rd:5,kg4rd:800120
drug_protein,drug,gene/protein,kg4rd:15258,kg4rd:4656
disease_disease,disease,disease,kg4rd:10679,kg4rd:16147
disease_phenotype_positive,disease,effect/phenotype,kg4rd:10311,kg4rd:3812
exposure_bioprocess,,biological_process,kg4rd:D054715,kg4rd:6954
disease_phenotype_positive,disease,effect/phenotype,kg4rd:18881,kg4rd:2098
disease_phenotype_positive,disease,effect/phenotype,kg4rd:10679,kg4rd:25464
disease_protein,disease,gene/protein,kg4rd:10679,kg4rd:3480
disease_protein,disease,gene/protein,kg4rd:10679,kg4rd:2697
disease_phenotype_positive,disease,effect/phenotype,kg4rd:10679,kg4rd:8956
disease_protein,disease,gene/protein,kg4rd:10542,kg4rd:1756
disease_protein,disease,gene/protein,kg4rd:10679,kg4rd:51191
disease_phenotype_positive,disease,effect/phenotype,kg4rd:10679,kg4rd:4308
disease_protein,disease,gene/protein,kg4rd:10679,kg4rd:4712
disease_disease,disease,disease,kg4rd:10311,kg4rd:16147
disease_phenotype_positive,disease,effect/phenotype,kg4rd:10679,kg4rd:8981
disease_phenotype_positive,disease,effect/phenotype,kg4rd:9130,kg4rd:2093
disease_protein,disease,gene/protein,kg4rd:20121,kg4rd:1756
disease_phenotype_positive,disease,effect/phenotype,kg4rd:10679,kg4rd:3202
bioprocess_protein,biological_process,gene/protein,kg4rd:45445,kg4rd:4656
disease_phenotype_positive,disease,effect/phenotype,kg4rd:10679,kg4rd:1635
disease_disease,disease,disease,kg4rd:10679,kg4rd:5260
disease_protein,disease,gene/protein,kg4rd:10679,kg4rd:6098
disease_protein,disease,gene/protein,kg4rd:14893,kg4rd:1457
disease_phenotype_positive,disease,effect/phenotype,kg4rd:18958,kg4rd:31177
disease_protein,disease,gene/protein,kg4rd:10679,kg4rd:1756
disease_phenotype_positive,disease,effect/phenotype,kg4rd:7523,kg4rd:1382
bioprocess_protein,biological_process,gene/protein,kg4rd:55074,kg4rd:1756
disease_phenotype_positive,disease,effect/phenotype,kg4rd:18881,kg4rd:1507
drug_effect,drug,effect/phenotype,kg4rd:624,kg4rd:41166
disease_phenotype_positive,disease,effect/phenotype,kg4rd:10679,kg4rd:100512
disease_protein,disease,gene/protein,kg4rd:16830,kg4rd:2010
disease_protein,disease,gene/protein,kg4rd:5212,kg4rd:5324
disease_protein,disease,gene/protein,kg4rd:20121,kg4rd:825
disease_phenotype_positive,disease,effect/phenotype,kg4rd:10679,kg4rd:12664
disease_phenotype_positive,disease,effect/phenotype,kg4rd:10679,kg4rd:3287
anatomy_protein_present,anatomy,gene/protein,kg4rd:14895,kg4rd:7402
contraindication,drug,disease,kg4rd:16802,kg4rd:700051
disease_phenotype_positive,disease,effect/phenotype,kg4rd:10679,kg4rd:200123
disease_disease,disease,disease,kg4rd:12020,kg4rd:8026
indication,drug,disease,kg4rd:9083,kg4rd:1010441
disease_phenotype_positive,disease,effect/phenotype,kg4rd:10679,kg4rd:2019
disease_phenotype_positive,disease,effect/phenotype,kg4rd:10679,kg4rd:3323
indication,drug,disease,kg4rd:860,kg4rd:10679
drug_protein,drug,gene/protein,kg4rd:5016,kg4rd:1756
disease_protein,disease,gene/protein,kg4rd:10679,kg4rd:338758
disease_phenotype_positive,disease,effect/phenotype,kg4rd:18881,kg4rd:3546
disease_phenotype_positive,disease,effect/phenotype,kg4rd:15128,kg4rd:2902
exposure_protein,,gene/protein,kg4rd:C007845,kg4rd:3162
disease_protein,disease,gene/protein,kg4rd:10679,kg4rd:23476
disease_phenotype_positive,disease,effect/phenotype,kg4rd:10679,kg4rd:200123
indication,drug,disease,kg4rd:16337,kg4rd:10679
disease_protein,disease,gene/protein,kg4rd:10679,kg4rd:24145
disease_phenotype_positive,disease,effect/phenotype,kg4rd:43218,kg4rd:1324
disease_phenotype_positive,disease,effect/phenotype,kg4rd:10679,kg4rd:2180
disease_phenotype_positive,disease,effect/phenotype,kg4rd:10679,kg4rd:1638
drug_effect,drug,effect/phenotype,kg4rd:1118,kg4rd:83
disease_phenotype_positive,disease,effect/phenotype,kg4rd:10679,kg4rd:40270
disease_protein,disease,gene/protein,kg4rd:10679,kg4rd:7805
disease_protein,disease,gene/protein,kg4rd:16147,kg4rd:1756
disease_phenotype_positive,disease,effect/phenotype,kg4rd:19056,kg4rd:2878
indication,drug,disease,kg4rd:12861,kg4rd:5252
off-label use,drug,disease,kg4rd:1132,kg4rd:10679
disease_disease,disease,disease,kg4rd:20121,kg4rd:8056
anatomy_protein_present,anatomy,gene/protein,kg4rd:1103,kg4rd:1756
disease_phenotype_positive,disease,effect/phenotype,kg4rd:10679,kg4rd:707
indication,drug,disease,kg4rd:11921,kg4rd:10311
disease_phenotype_positive,disease,effect/phenotype,kg4rd:10679,kg4rd:2664
disease_protein,disease,gene/protein,kg4rd:10679,kg4rd:10013
disease_phenotype_positive,disease,effect/phenotype,kg4rd:10679,kg4rd:6000023
off-label use,drug,disease,kg4rd:675,kg4rd:10679
disease_phenotype_positive,disease,effect/phenotype,kg4rd:10679,kg4rd:211
disease_phenotype_positive,disease,effect/phenotype,kg4rd:10679,kg4rd:25464
disease_phenotype_positive,disease,effect/phenotype,kg4rd:10679,kg4rd:649
disease_phenotype_positive,disease,effect/phenotype,kg4rd:10679,kg4rd:3202
anatomy_protein_present,anatomy,gene/protein,kg4rd:14895,kg4rd:5627
disease_phenotype_positive,disease,effect/phenotype,kg4rd:10679,kg4rd:3713
off-label use,drug,disease,kg4rd:11620,kg4rd:10679
disease_protein,disease,gene/protein,kg4rd:10679,kg4rd:23411
disease_protein,disease,gene/protein,kg4rd:10311,kg4rd:5244
disease_protein,disease,gene/protein,kg4rd:9047,kg4rd:63035
indication,drug,disease,kg4rd:1268,kg4rd:2081
disease_phenotype_positive,disease,effect/phenotype,kg4rd:10679,kg4rd:31860
indication,drug,disease,kg4rd:255,kg4rd:10679
disease_phenotype_positive,disease,effect/phenotype,kg4rd:10311,kg4rd:3551
drug_protein,drug,gene/protein,kg4rd:12645,kg4rd:3065
drug_effect,drug,effect/phenotype,kg4rd:860,kg4rd:1510
disease_protein,disease,gene/protein,kg4rd:16971,kg4rd:3146
disease_protein,disease,gene/protein,kg4rd:10679,kg4rd:6938
indication,drug,disease,kg4rd:18884,kg4rd:10679
disease_phenotype_positive,disease,effect/phenotype,kg4rd:10679,kg4rd:3010
phenotype_protein,effect/phenotype,gene/protein,kg4rd:7269,kg4rd:57585
drug_protein,drug,gene/protein,kg4rd:18582,kg4rd:1756
drug_protein,drug,gene/protein,kg4rd:1394,kg4rd:4489
disease_phenotype_positive,disease,effect/phenotype,kg4rd:10679,kg4rd:5162
disease_phenotype_positive,disease,effect/phenotype,kg4rd:10679,kg4rd:30637
disease_phenotype_positive,disease,effect/phenotype,kg4rd:10679,kg4rd:2877
disease_protein,disease,gene/protein,kg4rd:10679,kg4rd:5605
indication,drug,disease,kg4rd:12618,kg4rd:10679
anatomy_protein_present,anatomy,gene/protein,kg4rd:15230,kg4rd:1605
indication,drug,disease,kg4rd:860,kg4rd:16147
bioprocess_protein,biological_process,gene/protein,kg4rd:6954,kg4rd:7026
disease_phenotype_positive,disease,effect/phenotype,kg4rd:10679,kg4rd:8443
bioprocess_protein,biological_process,gene/protein,kg4rd:7005,kg4rd:133522
bioprocess_protein,biological_process,gene/protein,kg4rd:7520,kg4rd:8204
indication,drug,disease,kg4rd:6014,kg4rd:10679
disease_phenotype_positive,disease,effect/phenotype,kg4rd:10679,kg4rd:1249
anatomy_protein_present,anatomy,gene/protein,kg4rd:14895,kg4rd:1756
disease_phenotype_positive,disease,effect/phenotype,kg4rd:10679,kg4rd:25406
disease_phenotype_positive,disease,effect/phenotype,kg4rd:10679,kg4rd:2515
disease_phenotype_positive,disease,effect/phenotype,kg4rd:10679,kg4rd:750
disease_disease,disease,disease,kg4rd:8056,kg4rd:19056
disease_phenotype_positive,disease,effect/phenotype,kg4rd:10679,kg4rd:7269
indication,drug,disease,kg4rd:11921,kg4rd:16147
disease_phenotype_positive,disease,effect/phenotype,kg4rd:10679,kg4rd:100033
disease_phenotype_positive,disease,effect/phenotype,kg4rd:15128,kg4rd:2153
disease_protein,disease,gene/protein,kg4rd:10679,kg4rd:4621
disease_phenotype_positive,disease,effect/phenotype,kg4rd:10679,kg4rd:6532
indication,drug,disease,kg4rd:15258,kg4rd:10679
disease_protein,disease,gene/protein,kg4rd:16147,kg4rd:4811
bioprocess_protein,biological_process,gene/protein,kg4rd:8356,kg4rd:1756
disease_protein,disease,gene/protein,kg4rd:18939,kg4rd:79147
disease_phenotype_positive,disease,effect/phenotype,kg4rd:10679,kg4rd:100512
disease_protein,disease,gene/protein,kg4rd:10679,kg4rd:7402
disease_phenotype_positive,disease,effect/phenotype,kg4rd:10679,kg4rd:100614
disease_protein,disease,gene/protein,kg4rd:10679,kg4rd:3934
indication,drug,disease,kg4rd:15005,kg4rd:10679
indication,drug,disease,kg4rd:6014,kg4rd:10679
disease_phenotype_positive,disease,effect/phenotype,kg4rd:11925,kg4rd:9830
indication,drug,disease,kg4rd:635,kg4rd:10679
molfunc_protein,molecular_function,gene/protein,kg4rd:19677,kg4rd:952
disease_phenotype_positive,disease,effect/phenotype,kg4rd:10679,kg4rd:34392
indication,drug,disease,kg4rd:2565,kg4rd:10679
disease_disease,disease,disease,kg4rd:13591,kg4rd:18975
disease_phenotype_positive,disease,effect/phenotype,kg4rd:10679,kg4rd:9067
bioprocess_protein,biological_process,gene/protein,kg4rd:48659,kg4rd:3162
disease_protein,disease,gene/protein,kg4rd:10679,kg4rd:8204
indication,drug,disease,kg4rd:12645,kg4rd:10679
disease_phenotype_positive,disease,effect/phenotype,kg4rd:10679,kg4rd:733
disease_protein,disease,gene/protein,kg4rd:10679,kg4rd:1152
disease_phenotype_positive,disease,effect/phenotype,kg4rd:10679,kg4rd:3119
indication,drug,disease,kg4rd:18884,kg4rd:10679
disease_disease,disease,disease,kg4rd:10311,kg4rd:19079
bioprocess_protein,biological_process,gene/protein,kg4rd:19933,kg4rd:57585
disease_phenotype_positive,disease,effect/phenotype,kg4rd:20121,kg4rd:25406
disease_protein,disease,gene/protein,kg4rd:10679,kg4rd:859
disease_disease,disease,disease,kg4rd:5298,kg4rd:10679
disease_protein,disease,gene/protein,kg4rd:10311,kg4rd:1756
indication,drug,disease,kg4rd:5016,kg4rd:4994
disease_phenotype_positive,disease,effect/phenotype,kg4rd:10679,kg4rd:10536
exposure_protein,,gene/protein,kg4rd:C078040,kg4rd:6885
disease_phenotype_positive,disease,effect/phenotype,kg4rd:10679,kg4rd:8151
disease_phenotype_positive,disease,effect/phenotype,kg4rd:10679,kg4rd:9067
drug_protein,drug,gene/protein,kg4rd:6014,kg4rd:1756
drug_effect,drug,effect/phenotype,kg4rd:12645,kg4rd:2014
disease_phenotype_positive,disease,effect/phenotype,kg4rd:10651,kg4rd:3713
disease_phenotype_positive,disease,effect/phenotype,kg4rd:10679,kg4rd:7018
disease_phenotype_positive,disease,effect/phenotype,kg4rd:10311,kg4rd:7009
disease_phenotype_positive,disease,effect/phenotype,kg4rd:10679,kg4rd:1417
indication,drug,disease,kg4rd:331,kg4rd:5148
disease_protein,disease,gene/protein,kg4rd:10679,kg4rd:10725
bioprocess_protein,biological_process,gene/protein,kg4rd:45445,kg4rd:9748
disease_protein,disease,gene/protein,kg4rd:10679,kg4rd:1756
bioprocess_protein,biological_process,gene/protein,kg4rd:33497,kg4rd:1756
disease_phenotype_positive,disease,effect/phenotype,kg4rd:10679,kg4rd:8964
disease_phenotype_positive,disease,effect/phenotype,kg4rd:7037,kg4rd:2652
disease_phenotype_positive,disease,effect/phenotype,kg4rd:10679,kg4rd:1644
disease_phenotype_positive,disease,effect/phenotype,kg4rd:10679,kg4rd:1638
disease_phenotype_positive,disease,effect/phenotype,kg4rd:10679,kg4rd:1324
bioprocess_protein,biological_process,gene/protein,kg4rd:10468,kg4rd:1756
cellcomp_protein,cellular_component,gene/protein,kg4rd:42383,kg4rd:7402
disease_phenotype_positive,disease,effect/phenotype,kg4rd:20121,kg4rd:5237
exposure_protein,,gene/protein,kg4rd:C542291,kg4rd:5696
drug_effect,drug,effect/phenotype,kg4rd:1265,kg4rd:3202
disease_protein,disease,gene/protein,kg4rd:10311,kg4rd:1490
disease_phenotype_positive,disease,effect/phenotype,kg4rd:10311,kg4rd:1644
disease_phenotype_positive,disease,effect/phenotype,kg4rd:10679,kg4rd:1263
disease_phenotype_positive,disease,effect/phenotype,kg4rd:10679,kg4rd:9067
disease_protein,disease,gene/protein,kg4rd:10679,kg4rd:1152
indication,drug,disease,kg4rd:11921,kg4rd:10679
bioprocess_protein,biological_process,gene/protein,kg4rd:51493,kg4rd:84366
disease_phenotype_positive,disease,effect/phenotype,kg4rd:11925,kg4rd:3198
bioprocess_protein,biological_process,gene/protein,kg4rd:30432,kg4rd:1756
disease_protein,disease,gene/protein,kg4rd:10679,kg4rd:7305
anatomy_protein_absent,anatomy,gene/protein,kg4rd:6110636,kg4rd:1756
off-label use,drug,disease,kg4rd:11748,kg4rd:10679
disease_protein,disease,gene/protein,kg4rd:10311,kg4rd:5341
disease_phenotype_positive,disease,effect/phenotype,kg4rd:10679,kg4rd:3693
disease_phenotype_positive,disease,effect/phenotype,kg4rd:19079,kg4rd:2091
phenotype_protein,effect/phenotype,gene/protein,kg4rd:2505,kg4rd:1756
disease_phenotype_positive,disease,effect/phenotype,kg4rd:10679,kg4rd:100543
disease_protein,disease,gene/protein,kg4rd:20121,kg4rd:1674
bioprocess_protein,biological_process,gene/protein,kg4rd:51493,kg4rd:7471
disease_disease,disease,disease,kg4rd:8056,kg4rd:19056
bioprocess_protein,biological_process,gene/protein,kg4rd:43403,kg4rd:4656
disease_phenotype_positive,disease,effect/phenotype,kg4rd:10679,kg4rd:9067
disease_phenotype_positive,disease,effect/phenotype,kg4rd:10679,kg4rd:708
disease_protein,disease,gene/protein,kg4rd:10679,kg4rd:2335
disease_phenotype_positive,disease,effect/phenotype,kg4rd:10679,kg4rd:34677
disease_protein,disease,gene/protein,kg4rd:20121,kg4rd:79147
disease_phenotype_positive,disease,effect/phenotype,kg4rd:10679,kg4rd:1288
disease_protein,disease,gene/protein,kg4rd:9047,kg4rd:8287
disease_phenotype_positive,disease,effect/phenotype,kg4rd:10679,kg4rd:2014
disease_protein,disease,gene/protein,kg4rd:10679,kg4rd:7402
disease_protein,disease,gene/protein,kg4rd:10679,kg4rd:1152
disease_phenotype_positive,disease,effect/phenotype,kg4rd:10679,kg4rd:1638
disease_phenotype_positive,disease,effect/phenotype,kg4rd:10679,kg4rd:3546
drug_effect,drug,effect/phenotype,kg4rd:52,kg4rd:41166
disease_protein,disease,gene/protein,kg4rd:18881,kg4rd:1605
phenotype_protein,effect/phenotype,gene/protein,kg4rd:2878,kg4rd:1756
indication,drug,disease,kg4rd:15593,kg4rd:10679
bioprocess_protein,biological_process,gene/protein,kg4rd:16567,kg4rd:8736
disease_phenotype_positive,disease,effect/phenotype,kg4rd:10679,kg4rd:7009
disease_phenotype_positive,disease,effect/phenotype,kg4rd:10679,kg4rd:4302
disease_protein,disease,gene/protein,kg4rd:10679,kg4rd:6301
disease_phenotype_positive,disease,effect/phenotype,kg4rd:10679,kg4rd:7018
indication,drug,disease,kg4rd:16862,kg4rd:2614
disease_phenotype_positive,disease,effect/phenotype,kg4rd:10679,kg4rd:3202
drug_effect,drug,effect/phenotype,kg4rd:16802,kg4rd:1873
disease_phenotype_positive,disease,effect/phenotype,kg4rd:10679,kg4rd:1324
disease_protein,disease,gene/protein,kg4rd:10679,kg4rd:54465
drug_protein,drug,gene/protein,kg4rd:19171,kg4rd:9474
disease_phenotype_positive,disease,effect/phenotype,kg4rd:10679,kg4rd:32654
disease_phenotype_positive,disease,effect/phenotype,kg4rd:10679,kg4rd:3693
disease_phenotype_positive,disease,effect/phenotype,kg4rd:10311,kg4rd:1324
disease_phenotype_positive,disease,effect/phenotype,kg4rd:10679,kg4rd:3693
disease_protein,disease,gene/protein,kg4rd:10679,kg4rd:9572
indication,drug,disease,kg4rd:5016,kg4rd:10679
disease_phenotype_positive,disease,effect/phenotype,kg4rd:10679,kg4rd:1638
bioprocess_protein,biological_process,gene/protein,kg4rd:45677,kg4rd:3976
disease_phenotype_positive,disease,effect/phenotype,kg4rd:10679,kg4rd:25406
disease_phenotype_positive,disease,effect/phenotype,kg4rd:16147,kg4rd:2650
disease_disease,disease,disease,kg4rd:20121,kg4rd:2572
disease_protein,disease,gene/protein,kg4rd:20121,kg4rd:1756
disease_protein,disease,gene/protein,kg4rd:10679,kg4rd:4121
disease_phenotype_positive,disease,effect/phenotype,kg4rd:10679,kg4rd:200123
disease_phenotype_positive,disease,effect/phenotype,kg4rd:10679,kg4rd:34392
disease_phenotype_positive,disease,effect/phenotype,kg4rd:10679,kg4rd:4322
disease_protein,disease,gene/protein,kg4rd:9061,kg4rd:140871
disease_phenotype_positive,disease,effect/phenotype,kg4rd:10679,kg4rd:100750
disease_phenotype_positive,disease,effect/phenotype,kg4rd:10311,kg4rd:3701
disease_phenotype_positive,disease,effect/phenotype,kg4rd:10311,kg4rd:100295
indication,drug,disease,kg4rd:16802,kg4rd:10679
disease_phenotype_positive,disease,effect/phenotype,kg4rd:10679,kg4rd:2505
indication,drug,disease,kg4rd:18206,kg4rd:4994
disease_protein,disease,gene/protein,kg4rd:20121,kg4rd:1756
bioprocess_protein,biological_process,gene/protein,kg4rd:10468,kg4rd:9365
disease_phenotype_positive,disease,effect/phenotype,kg4rd:10679,kg4rd:100812
bioprocess_protein,biological_process,gene/protein,kg4rd:42310,kg4rd:7175
anatomy_protein_absent,anatomy,gene/protein,kg4rd:14895,kg4rd:1756
disease_phenotype_positive,disease,effect/phenotype,kg4rd:20121,kg4rd:11024
disease_disease,disease,disease,kg4rd:16147,kg4rd:5027
anatomy_protein_present,anatomy,gene/protein,kg4rd:3661,kg4rd:857
disease_protein,disease,gene/protein,kg4rd:10679,kg4rd:205
indication,drug,disease,kg4rd:635,kg4rd:10679
drug_effect,drug,effect/phenotype,kg4rd:331,kg4rd:3128
indication,drug,disease,kg4rd:9081,kg4rd:10679
disease_phenotype_positive,disease,effect/phenotype,kg4rd:10679,kg4rd:1627
indication,drug,disease,kg4rd:11094,kg4rd:10679
anatomy_protein_absent,anatomy,gene/protein,kg4rd:2349,kg4rd:27306
disease_phenotype_positive,disease,effect/phenotype,kg4rd:10679,kg4rd:1638
disease_protein,disease,gene/protein,kg4rd:1010441,kg4rd:6588
indication,drug,disease,kg4rd:2587,kg4rd:10679
disease_protein,disease,gene/protein,kg4rd:10679,kg4rd:100128537
indication,drug,disease,kg4rd:19433,kg4rd:10679
disease_phenotype_positive,disease,effect/phenotype,kg4rd:10311,kg4rd:1638
drug_effect,drug,effect/phenotype,kg4rd:700,kg4rd:12664
disease_protein,disease,gene/protein,kg4rd:10679,kg4rd:6774
disease_phenotype_positive,disease,effect/phenotype,kg4rd:10679,kg4rd:3326
disease_protein,disease,gene/protein,kg4rd:9047,kg4rd:357
disease_phenotype_positive,disease,effect/phenotype,kg4rd:10679,kg4rd:3701
disease_phenotype_positive,disease,effect/phenotype,kg4rd:10311,kg4rd:256
disease_phenotype_positive,disease,effect/phenotype,kg4rd:10679,kg4rd:3677
exposure_protein,,gene/protein,kg4rd:D006854,kg4rd:10725
pathway_protein,pathway,gene/protein,kg4rd:R-HSA-157118,kg4rd:2335
drug_protein,drug,gene/protein,kg4rd:421,kg4rd:2335
disease_protein,disease,gene/protein,kg4rd:10679,kg4rd:29108
disease_phenotype_positive,disease,effect/phenotype,kg4rd:10311,kg4rd:3701
indication,drug,disease,kg4rd:635,kg4rd:16971
drug_effect,drug,effect/phenotype,kg4rd:11921,kg4rd:1510
drug_protein,drug,gene/protein,kg4rd:9081,kg4rd:847
exposure_bioprocess,,biological_process,kg4rd:C542291,kg4rd:2456
indication,drug,disease,kg4rd:5016,kg4rd:10679
disease_phenotype_positive,disease,effect/phenotype,kg4rd:10679,kg4rd:5237
drug_protein,drug,gene/protein,kg4rd:15258,kg4rd:4642
disease_protein,disease,gene/protein,kg4rd:10679,kg4rd:79969
disease_protein,disease,gene/protein,kg4rd:10311,kg4rd:4656
disease_protein,disease,gene/protein,kg4rd:10679,kg4rd:4842
disease_phenotype_positive,disease,effect/phenotype,kg4rd:10679,kg4rd:970
disease_disease,disease,disease,kg4rd:10311,kg4rd:5027
anatomy_protein_present,anatomy,gene/protein,kg4rd:2036,kg4rd:1756
bioprocess_protein,biological_process,gene/protein,kg4rd:8356,kg4rd:1756
bioprocess_protein,biological_process,gene/protein,kg4rd:16236,kg4rd:6093
disease_protein,disease,gene/protein,kg4rd:10679,kg4rd:715
disease_disease,disease,disease,kg4rd:10311,kg4rd:11057
indication,drug,disease,kg4rd:4997,kg4rd:10679
drug_effect,drug,effect/phenotype,kg4rd:11921,kg4rd:5162
off-label use,drug,disease,kg4rd:331,kg4rd:10311
bioprocess_protein,biological_process,gene/protein,kg4rd:6974,kg4rd:6374
disease_phenotype_positive,disease,effect/phenotype,kg4rd:10679,kg4rd:7034
disease_phenotype_positive,disease,effect/phenotype,kg4rd:10679,kg4rd:924
disease_protein,disease,gene/protein,kg4rd:10679,kg4rd:1756
disease_phenotype_positive,disease,effect/phenotype,kg4rd:10311,kg4rd:1392
cellcomp_protein,cellular_component,gene/protein,kg4rd:42383,kg4rd:4842
disease_phenotype_positive,disease,effect/phenotype,kg4rd:20121,kg4rd:739
disease_protein,disease,gene/protein,kg4rd:10679,kg4rd:4060
disease_protein,disease,gene/protein,kg4rd:10679,kg4rd:1756
disease_phenotype_positive,disease,effect/phenotype,kg4rd:10311,kg4rd:25169
bioprocess_protein,biological_process,gene/protein,kg4rd:51668,kg4rd:1756
disease_phenotype_positive,disease,effect/phenotype,kg4rd:10679,kg4rd:164
molfunc_protein,molecular_function,gene/protein,kg4rd:3779,kg4rd:8204
indication,drug,disease,kg4rd:15528,kg4rd:19079
disease_phenotype_positive,disease,effect/phenotype,kg4rd:10679,kg4rd:2344
drug_protein,drug,gene/protein,kg4rd:16935,kg4rd:1756
disease_phenotype_positive,disease,effect/phenotype,kg4rd:10679,kg4rd:4308
disease_phenotype_positive,disease,effect/phenotype,kg4rd:8608,kg4rd:3467
exposure_protein,,gene/protein,kg4rd:C065495,kg4rd:5627
disease_phenotype_positive,disease,effect/phenotype,kg4rd:10679,kg4rd:9067
disease_phenotype_positive,disease,effect/phenotype,kg4rd:10679,kg4rd:5237
disease_protein,disease,gene/protein,kg4rd:10679,kg4rd:10891
disease_phenotype_positive,disease,effect/phenotype,kg4rd:10679,kg4rd:12378
disease_protein,disease,gene/protein,kg4rd:10679,kg4rd:1281
drug_protein,drug,gene/protein,kg4rd:1265,kg4rd:4656
disease_disease,disease,disease,kg4rd:5021,kg4rd:10679
disease_protein,disease,gene/protein,kg4rd:20121,kg4rd:3908
disease_phenotype_positive,disease,effect/phenotype,kg4rd:10679,kg4rd:1903
anatomy_protein_present,anatomy,gene/protein,kg4rd:14895,kg4rd:8518
disease_phenotype_positive,disease,effect/phenotype,kg4rd:10311,kg4rd:12593
disease_phenotype_positive,disease,effect/phenotype,kg4rd:16147,kg4rd:3546
disease_phenotype_positive,disease,effect/phenotype,kg4rd:10679,kg4rd:2344
disease_protein,disease,gene/protein,kg4rd:10311,kg4rd:1756
disease_phenotype_positive,disease,effect/phenotype,kg4rd:10679,kg4rd:3677
phenotype_phenotype,effect/phenotype,effect/phenotype,kg4rd:2153,kg4rd:1663
disease_phenotype_positive,disease,effect/phenotype,kg4rd:10679,kg4rd:31371
indication,drug,disease,kg4rd:28,kg4rd:800120
disease_protein,disease,gene/protein,kg4rd:10679,kg4rd:1674
indication,drug,disease,kg4rd:16099,kg4rd:9290
bioprocess_protein,biological_process,gene/protein,kg4rd:30867,kg4rd:1756
bioprocess_protein,biological_process,gene/protein,kg4rd:110148,kg4rd:6374
disease_protein,disease,gene/protein,kg4rd:10679,kg4rd:60674
disease_protein,disease,gene/protein,kg4rd:10679,kg4rd:107
disease_protein,disease,gene/protein,kg4rd:10679,kg4rd:1894
disease_protein,disease,gene/protein,kg4rd:20121,kg4rd:2318
drug_protein,drug,gene/protein,kg4rd:15114,kg4rd:1576
disease_phenotype_positive,disease,effect/phenotype,kg4rd:20121,kg4rd:3323
disease_protein,disease,gene/protein,kg4rd:20121,kg4rd:2274
drug_effect,drug,effect/phenotype,kg4rd:635,kg4rd:100614
cellcomp_protein,cellular_component,gene/protein,kg4rd:5901,kg4rd:857
indication,drug,disease,kg4rd:11921,kg4rd:10679
drug_protein,drug,gene/protein,kg4rd:399,kg4rd:251
disease_phenotype_positive,disease,effect/phenotype,kg4rd:6497,kg4rd:34392
disease_phenotype_positive,disease,effect/phenotype,kg4rd:10679,kg4rd:100295
disease_disease,disease,disease,kg4rd:10679,kg4rd:7147
indication,drug,disease,kg4rd:399,kg4rd:10679
disease_protein,disease,gene/protein,kg4rd:10679,kg4rd:2495
disease_phenotype_positive,disease,effect/phenotype,kg4rd:10679,kg4rd:8981
phenotype_protein,effect/phenotype,gene/protein,kg4rd:3202,kg4rd:57585
cellcomp_protein,cellular_component,gene/protein,kg4rd:5739,kg4rd:118490
disease_protein,disease,gene/protein,kg4rd:10679,kg4rd:7220
indication,drug,disease,kg4rd:1039,kg4rd:10679
disease_phenotype_positive,disease,effect/phenotype,kg4rd:10679,kg4rd:4349
bioprocess_protein,biological_process,gene/protein,kg4rd:31099,kg4rd:224
phenotype_protein,effect/phenotype,gene/protein,kg4rd:3202,kg4rd:1756
drug_effect,drug,effect/phenotype,kg4rd:860,kg4rd:31163
disease_phenotype_positive,disease,effect/phenotype,kg4rd:10679,kg4rd:12532
disease_phenotype_positive,disease,effect/phenotype,kg4rd:10679,kg4rd:2354
disease_phenotype_positive,disease,effect/phenotype,kg4rd:10679,kg4rd:11675
disease_phenotype_positive,disease,effect/phenotype,kg4rd:10679,kg4rd:729
disease_phenotype_positive,disease,effect/phenotype,kg4rd:10311,kg4rd:3555
disease_protein,disease,gene/protein,kg4rd:10679,kg4rd:1756
disease_protein,disease,gene/protein,kg4rd:10679,kg4rd:4691
drug_effect,drug,effect/phenotype,kg4rd:9081,kg4rd:2093
disease_disease,disease,disease,kg4rd:10679,kg4rd:11305
disease_phenotype_positive,disease,effect/phenotype,kg4rd:10679,kg4rd:12828
disease_phenotype_positive,disease,effect/phenotype,kg4rd:10311,kg4rd:1644
disease_protein,disease,gene/protein,kg4rd:10311,kg4rd:4060
disease_protein,disease,gene/protein,kg4rd:10311,kg4rd:1756
drug_effect,drug,effect/phenotype,kg4rd:635,kg4rd:5162
phenotype_protein,effect/phenotype,gene/protein,kg4rd:3202,kg4rd:3146
disease_protein,disease,gene/protein,kg4rd:10679,kg4rd:1795
disease_phenotype_positive,disease,effect/phenotype,kg4rd:10679,kg4rd:855
drug_drug,drug,drug,kg4rd:9081,kg4rd:5016
disease_protein,disease,gene/protein,kg4rd:10679,kg4rd:3091
disease_phenotype_positive,disease,effect/phenotype,kg4rd:20121,kg4rd:10535
exposure_protein,,gene/protein,kg4rd:D005938,kg4rd:6387
disease_disease,disease,disease,kg4rd:10679,kg4rd:5267
disease_protein,disease,gene/protein,kg4rd:10679,kg4rd:81631
disease_phenotype_positive,disease,effect/phenotype,kg4rd:10679,kg4rd:5237
bioprocess_protein,biological_process,gene/protein,kg4rd:31099,kg4rd:24145
drug_effect,drug,effect/phenotype,kg4rd:1238,kg4rd:737
disease_phenotype_positive,disease,effect/phenotype,kg4rd:10311,kg4rd:3829
phenotype_protein,effect/phenotype,gene/protein,kg4rd:100543,kg4rd:1756
disease_phenotype_positive,disease,effect/phenotype,kg4rd:10613,kg4rd:40302
exposure_bioprocess,,biological_process,kg4rd:C575255,kg4rd:7005
disease_phenotype_positive,disease,effect/phenotype,kg4rd:10679,kg4rd:4395
disease_protein,disease,gene/protein,kg4rd:9047,kg4rd:4103
indication,drug,disease,kg4rd:15083,kg4rd:10679
disease_phenotype_positive,disease,effect/phenotype,kg4rd:10679,kg4rd:100543
indication,drug,disease,kg4rd:9081,kg4rd:10679
disease_disease,disease,disease,kg4rd:10679,kg4rd:10383
indication,drug,disease,kg4rd:16802,kg4rd:10679
disease_phenotype_positive,disease,effect/phenotype,kg4rd:10679,kg4rd:722
disease_protein,disease,gene/protein,kg4rd:10679,kg4rd:7135
disease_protein,disease,gene/protein,kg4rd:9047,kg4rd:7403
disease_protein,disease,gene/protein,kg4rd:20121,kg4rd:203859
cellcomp_protein,cellular_component,gene/protein,kg4rd:9295,kg4rd:9869
disease_phenotype_positive,disease,effect/phenotype,kg4rd:10679,kg4rd:1685
exposure_protein,,gene/protein,kg4rd:D008775,kg4rd:1462
disease_phenotype_positive,disease,effect/phenotype,kg4rd:10311,kg4rd:1410
disease_phenotype_positive,disease,effect/phenotype,kg4rd:44875,kg4rd:2791
disease_phenotype_positive,disease,effect/phenotype,kg4rd:10679,kg4rd:32341
disease_protein,disease,gene/protein,kg4rd:10679,kg4rd:51284
indication,drug,disease,kg4rd:6285,kg4rd:5298
disease_phenotype_positive,disease,effect/phenotype,kg4rd:10679,kg4rd:7009
disease_protein,disease,gene/protein,kg4rd:10679,kg4rd:6123
disease_phenotype_positive,disease,effect/phenotype,kg4rd:10679,kg4rd:2093
phenotype_protein,effect/phenotype,gene/protein,kg4rd:1324,kg4rd:56704
disease_protein,disease,gene/protein,kg4rd:10679,kg4rd:652
phenotype_protein,effect/phenotype,gene/protein,kg4rd:365,kg4rd:5456
disease_protein,disease,gene/protein,kg4rd:10679,kg4rd:8425
disease_phenotype_positive,disease,effect/phenotype,kg4rd:10679,kg4rd:1635
anatomy_protein_absent,anatomy,gene/protein,kg4rd:2979,kg4rd:1756
disease_phenotype_positive,disease,effect/phenotype,kg4rd:10679,kg4rd:1324
drug_effect,drug,effect/phenotype,kg4rd:11921,kg4rd:2650
indication,drug,disease,kg4rd:15083,kg4rd:10679
disease_phenotype_positive,disease,effect/phenotype,kg4rd:20121,kg4rd:716
exposure_protein,,gene/protein,kg4rd:D006997,kg4rd:4353
disease_protein,disease,gene/protein,kg4rd:16899,kg4rd:1756
disease_phenotype_positive,disease,effect/phenotype,kg4rd:10679,kg4rd:3202
disease_protein,disease,gene/protein,kg4rd:10679,kg4rd:100507463
disease_protein,disease,gene/protein,kg4rd:10679,kg4rd:3162
indication,drug,disease,kg4rd:91,kg4rd:19810
disease_phenotype_positive,disease,effect/phenotype,kg4rd:10311,kg4rd:3677
disease_protein,disease,gene/protein,kg4rd:16899,kg4rd:1756
disease_phenotype_positive,disease,effect/phenotype,kg4rd:10679,kg4rd:25406
disease_phenotype_positive,disease,effect/phenotype,kg4rd:10679,kg4rd:3149
indication,drug,disease,kg4rd:1265,kg4rd:10679
disease_phenotype_positive,disease,effect/phenotype,kg4rd:20121,kg4rd:3201
drug_protein,drug,gene/protein,kg4rd:2709,kg4rd:23411
phenotype_protein,effect/phenotype,gene/protein,kg4rd:3236,kg4rd:1152
disease_protein,disease,gene/protein,kg4rd:10679,kg4rd:51727
drug_protein,drug,gene/protein,kg4rd:15258,kg4rd:8678
disease_phenotype_positive,disease,effect/phenotype,kg4rd:10679,kg4rd:5162
disease_phenotype_positive,disease,effect/phenotype,kg4rd:19079,kg4rd:9067
disease_phenotype_positive,disease,effect/phenotype,kg4rd:10679,kg4rd:12649
disease_phenotype_positive,disease,effect/phenotype,kg4rd:10679,kg4rd:2938
disease_phenotype_positive,disease,effect/phenotype,kg4rd:10383,kg4rd:717
disease_phenotype_positive,disease,effect/phenotype,kg4rd:16899,kg4rd:200123
disease_phenotype_positive,disease,effect/phenotype,kg4rd:10679,kg4rd:2090
disease_phenotype_positive,disease,effect/phenotype,kg4rd:10679,kg4rd:7010
disease_phenotype_positive,disease,effect/phenotype,kg4rd:10679,kg4rd:1250
disease_phenotype_positive,disease,effect/phenotype,kg4rd:10679,kg4rd:10872
disease_phenotype_positive,disease,effect/phenotype,kg4rd:10679,kg4rd:3202
disease_protein,disease,gene/protein,kg4rd:10311,kg4rd:7058
disease_protein,disease,gene/protein,kg4rd:10679,kg4rd:2533
drug_protein,drug,gene/protein,kg4rd:14128,kg4rd:4654
indication,drug,disease,kg4rd:621,kg4rd:10679
bioprocess_protein,biological_process,gene/protein,kg4rd:45214,kg4rd:58529
disease_phenotype_positive,disease,effect/phenotype,kg4rd:10311,kg4rd:9067
indication,drug,disease,kg4rd:15305,kg4rd:19079
disease_phenotype_positive,disease,effect/phenotype,kg4rd:10679,kg4rd:1324
drug_effect,drug,effect/phenotype,kg4rd:11921,kg4rd:2505
bioprocess_protein,biological_process,gene/protein,kg4rd:6955,kg4rd:101805492
disease_protein,disease,gene/protein,kg4rd:10679,kg4rd:3479
indication,drug,disease,kg4rd:12645,kg4rd:10679
bioprocess_protein,biological_process,gene/protein,kg4rd:31099,kg4rd:501
disease_phenotype_positive,disease,effect/phenotype,kg4rd:10679,kg4rd:12648
disease_phenotype_positive,disease,effect/phenotype,kg4rd:10679,kg4rd:9067
disease_disease,disease,disease,kg4rd:10679,kg4rd:2572
disease_phenotype_positive,disease,effect/phenotype,kg4rd:10679,kg4rd:2791
bioprocess_protein,biological_process,gene/protein,kg4rd:45214,kg4rd:51132
bioprocess_protein,biological_process,gene/protein,kg4rd:45445,kg4rd:283120
disease_protein,disease,gene/protein,kg4rd:10679,kg4rd:1513
drug_protein,drug,gene/protein,kg4rd:8908,kg4rd:4779
disease_phenotype_positive,disease,effect/phenotype,kg4rd:10679,kg4rd:2878
disease_phenotype_positive,disease,effect/phenotype,kg4rd:10679,kg4rd:3202
disease_protein,disease,gene/protein,kg4rd:10679,kg4rd:3108
disease_phenotype_positive,disease,effect/phenotype,kg4rd:10679,kg4rd:2194
disease_protein,disease,gene/protein,kg4rd:10679,kg4rd:7291
disease_phenotype_positive,disease,effect/phenotype,kg4rd:10679,kg4rd:708
disease_protein,disease,gene/protein,kg4rd:20121,kg4rd:2218
anatomy_protein_present,anatomy,gene/protein,kg4rd:1103,kg4rd:11035
indication,drug,disease,kg4rd:16367,kg4rd:10679
drug_effect,drug,effect/phenotype,kg4rd:4997,kg4rd:25118
disease_protein,disease,gene/protein,kg4rd:10679,kg4rd:960
disease_protein,disease,gene/protein,kg4rd:10679,kg4rd:10891
disease_protein,disease,gene/protein,kg4rd:10679,kg4rd:2660
disease_phenotype_positive,disease,effect/phenotype,kg4rd:8030,kg4rd:3687
disease_protein,disease,gene/protein,kg4rd:10679,kg4rd:1431
disease_phenotype_positive,disease,effect/phenotype,kg4rd:10679,kg4rd:11675
disease_phenotype_positive,disease,effect/phenotype,kg4rd:10679,kg4rd:34314
phenotype_phenotype,effect/phenotype,effect/phenotype,kg4rd:25169,kg4rd:12719
indication,drug,disease,kg4rd:15005,kg4rd:10679
disease_phenotype_positive,disease,effect/phenotype,kg4rd:10679,kg4rd:2353
disease_protein,disease,gene/protein,kg4rd:9047,kg4rd:7317
disease_protein,disease,gene/protein,kg4rd:10679,kg4rd:7058
disease_protein,disease,gene/protein,kg4rd:9047,kg4rd:347527
phenotype_protein,effect/phenotype,gene/protein,kg4rd:25406,kg4rd:1756
disease_phenotype_positive,disease,effect/phenotype,kg4rd:10311,kg4rd:11675
drug_effect,drug,effect/phenotype,kg4rd:202,kg4rd:2047
disease_phenotype_positive,disease,effect/phenotype,kg4rd:10679,kg4rd:9067
indication,drug,disease,kg4rd:15114,kg4rd:10679
indication,drug,disease,kg4rd:12645,kg4rd:10679
drug_protein,drug,gene/protein,kg4rd:15083,kg4rd:2660
anatomy_protein_present,anatomy,gene/protein,kg4rd:5090,kg4rd:1756
bioprocess_protein,biological_process,gene/protein,kg4rd:8610,kg4rd:10891
anatomy_protein_present,anatomy,gene/protein,kg4rd:6110636,kg4rd:1756
disease_phenotype_positive,disease,effect/phenotype,kg4rd:10679,kg4rd:100785
pathway_protein,pathway,gene/protein,kg4rd:R-HSA-75893,kg4rd:4090
disease_phenotype_positive,disease,effect/phenotype,kg4rd:10311,kg4rd:9067
disease_protein,disease,gene/protein,kg4rd:10679,kg4rd:10394
drug_effect,drug,effect/phenotype,kg4rd:1238,kg4rd:100785
disease_phenotype_positive,disease,effect/phenotype,kg4rd:10383,kg4rd:256
disease_phenotype_positive,disease,effect/phenotype,kg4rd:10679,kg4rd:11675
drug_effect,drug,effect/phenotype,kg4rd:790,kg4rd:12664
disease_protein,disease,gene/protein,kg4rd:10311,kg4rd:4015
disease_phenotype_positive,disease,effect/phenotype,kg4rd:10679,kg4rd:3700
disease_protein,disease,gene/protein,kg4rd:20121,kg4rd:1462
bioprocess_protein,biological_process,gene/protein,kg4rd:31099,kg4rd:64577
disease_protein,disease,gene/protein,kg4rd:10679,kg4rd:10061
indication,drug,disease,kg4rd:11921,kg4rd:4994
disease_protein,disease,gene/protein,kg4rd:10679,kg4rd:1278
disease_protein,disease,gene/protein,kg4rd:16145,kg4rd:361
disease_phenotype_positive,disease,effect/phenotype,kg4rd:10679,kg4rd:718
disease_phenotype_positive,disease,effect/phenotype,kg4rd:10679,kg4rd:2090
disease_phenotype_positive,disease,effect/phenotype,kg4rd:10679,kg4rd:1644
disease_phenotype_positive,disease,effect/phenotype,kg4rd:10679,kg4rd:2344
disease_phenotype_positive,disease,effect/phenotype,kg4rd:16098,kg4rd:3701
disease_phenotype_positive,disease,effect/phenotype,kg4rd:10679,kg4rd:1324
disease_phenotype_positive,disease,effect/phenotype,kg4rd:10679,kg4rd:2172
disease_phenotype_positive,disease,effect/phenotype,kg4rd:10679,kg4rd:1644
disease_phenotype_positive,disease,effect/phenotype,kg4rd:10311,kg4rd:1644
disease_phenotype_positive,disease,effect/phenotype,kg4rd:10155,kg4rd:1249
disease_phenotype_positive,disease,effect/phenotype,kg4rd:10311,kg4rd:1324
disease_disease,disease,disease,kg4rd:5021,kg4rd:10679
disease_phenotype_positive,disease,effect/phenotype,kg4rd:10679,kg4rd:12378
disease_protein,disease,gene/protein,kg4rd:10311,kg4rd:1634
disease_protein,disease,gene/protein,kg4rd:10679,kg4rd:5341
anatomy_protein_present,anatomy,gene/protein,kg4rd:14895,kg4rd:1756
drug_effect,drug,effect/phenotype,kg4rd:6014,kg4rd:2014
disease_phenotype_positive,disease,effect/phenotype,kg4rd:10679,kg4rd:1263
off-label use,drug,disease,kg4rd:1238,kg4rd:10679
disease_phenotype_positive,disease,effect/phenotype,kg4rd:10679,kg4rd:3202
phenotype_protein,effect/phenotype,gene/protein,kg4rd:7009,kg4rd:9759
disease_protein,disease,gene/protein,kg4rd:10679,kg4rd:952
phenotype_phenotype,effect/phenotype,effect/phenotype,kg4rd:3201,kg4rd:1663
disease_phenotype_positive,disease,effect/phenotype,kg4rd:10679,kg4rd:3270
disease_phenotype_positive,disease,effect/phenotype,kg4rd:10679,kg4rd:1642
disease_phenotype_positive,disease,effect/phenotype,kg4rd:10679,kg4rd:3676
bioprocess_protein,biological_process,gene/protein,kg4rd:45445,kg4rd:84624
disease_phenotype_positive,disease,effect/phenotype,kg4rd:10679,kg4rd:3712
disease_protein,disease,gene/protein,kg4rd:6325,kg4rd:9636
disease_phenotype_positive,disease,effect/phenotype,kg4rd:10679,kg4rd:2093
disease_disease,disease,disease,kg4rd:10679,kg4rd:5298
disease_phenotype_positive,disease,effect/phenotype,kg4rd:10679,kg4rd:12664
disease_phenotype_positive,disease,effect/phenotype,kg4rd:10311,kg4rd:33667
disease_protein,disease,gene/protein,kg4rd:10679,kg4rd:81631
indication,drug,disease,kg4rd:15114,kg4rd:16145
disease_phenotype_positive,disease,effect/phenotype,kg4rd:10679,kg4rd:100614
anatomy_protein_present,anatomy,gene/protein,kg4rd:1385,kg4rd:1756
disease_protein,disease,gene/protein,kg4rd:10679,kg4rd:9869
disease_phenotype_positive,disease,effect/phenotype,kg4rd:10679,kg4rd:25149
disease_protein,disease,gene/protein,kg4rd:10311,kg4rd:1824
disease_phenotype_positive,disease,effect/phenotype,kg4rd:10679,kg4rd:11140
disease_protein,disease,gene/protein,kg4rd:20121,kg4rd:4000
anatomy_protein_present,anatomy,gene/protein,kg4rd:15230,kg4rd:8518
disease_protein,disease,gene/protein,kg4rd:10679,kg4rd:1029
disease_phenotype_positive,disease,effect/phenotype,kg4rd:16147,kg4rd:1324
disease_disease,disease,disease,kg4rd:10679,kg4rd:18945
disease_protein,disease,gene/protein,kg4rd:10311,kg4rd:1029
disease_protein,disease,gene/protein,kg4rd:10311,kg4rd:10320
disease_disease,disease,disease,kg4rd:10679,kg4rd:5021
bioprocess_protein,biological_process,gene/protein,kg4rd:51493,kg4rd:6662
disease_protein,disease,gene/protein,kg4rd:10311,kg4rd:1756
disease_phenotype_positive,disease,effect/phenotype,kg4rd:16147,kg4rd:7340
drug_protein,drug,gene/protein,kg4rd:14132,kg4rd:7026
disease_phenotype_positive,disease,effect/phenotype,kg4rd:10646,kg4rd:200123
disease_protein,disease,gene/protein,kg4rd:10679,kg4rd:149076
disease_phenotype_positive,disease,effect/phenotype,kg4rd:10679,kg4rd:1419
disease_phenotype_positive,disease,effect/phenotype,kg4rd:10679,kg4rd:2203
disease_phenotype_positive,disease,effect/phenotype,kg4rd:16147,kg4rd:739
disease_disease,disease,disease,kg4rd:10679,kg4rd:5267
bioprocess_protein,biological_process,gene/protein,kg4rd:3009,kg4rd:361
exposure_bioprocess,,biological_process,kg4rd:D002392,kg4rd:7005
disease_phenotype_positive,disease,effect/phenotype,kg4rd:10679,kg4rd:100543
disease_phenotype_positive,disease,effect/phenotype,kg4rd:10679,kg4rd:1324
disease_phenotype_positive,disease,effect/phenotype,kg4rd:10679,kg4rd:3287
disease_phenotype_positive,disease,effect/phenotype,kg4rd:10679,kg4rd:1644
bioprocess_protein,biological_process,gene/protein,kg4rd:43403,kg4rd:2335
disease_phenotype_positive,disease,effect/phenotype,kg4rd:10679,kg4rd:200123
disease_protein,disease,gene/protein,kg4rd:10679,kg4rd:1408
bioprocess_protein,biological_process,gene/protein,kg4rd:32042,kg4rd:7026
disease_phenotype_positive,disease,effect/phenotype,kg4rd:10679,kg4rd:969
indication,drug,disease,kg4rd:860,kg4rd:10679
bioprocess_protein,biological_process,gene/protein,kg4rd:32502,kg4rd:24145
disease_phenotype_positive,disease,effect/phenotype,kg4rd:1010441,kg4rd:3287
indication,drug,disease,kg4rd:9083,kg4rd:5252
disease_phenotype_positive,disease,effect/phenotype,kg4rd:10679,kg4rd:5162
disease_protein,disease,gene/protein,kg4rd:10679,kg4rd:199
indication,drug,disease,kg4rd:1118,kg4rd:7263
disease_phenotype_positive,disease,effect/phenotype,kg4rd:16971,kg4rd:1627
drug_protein,drug,gene/protein,kg4rd:9081,kg4rd:6647
bioprocess_protein,biological_process,gene/protein,kg4rd:51493,kg4rd:6010
disease_phenotype_positive,disease,effect/phenotype,kg4rd:10679,kg4rd:2942
disease_phenotype_positive,disease,effect/phenotype,kg4rd:16147,kg4rd:1249
indication,drug,disease,kg4rd:15005,kg4rd:10679
disease_phenotype_positive,disease,effect/phenotype,kg4rd:10679,kg4rd:9113
indication,drug,disease,kg4rd:5016,kg4rd:10679
phenotype_protein,effect/phenotype,gene/protein,kg4rd:2360,kg4rd:1756
drug_protein,drug,gene/protein,kg4rd:19171,kg4rd:2475
anatomy_protein_present,anatomy,gene/protein,kg4rd:1015,kg4rd:7402
bioprocess_protein,biological_process,gene/protein,kg4rd:9058,kg4rd:1756
drug_effect,drug,effect/phenotype,kg4rd:6014,kg4rd:12735
disease_protein,disease,gene/protein,kg4rd:10679,kg4rd:2101
disease_protein,disease,gene/protein,kg4rd:10679,kg4rd:4621
disease_phenotype_positive,disease,effect/phenotype,kg4rd:10679,kg4rd:1397
molfunc_protein,molecular_function,gene/protein,kg4rd:16310,kg4rd:6885
disease_phenotype_positive,disease,effect/phenotype,kg4rd:10679,kg4rd:4000004
indication,drug,disease,kg4rd:857,kg4rd:4678
disease_protein,disease,gene/protein,kg4rd:10679,kg4rd:10659
disease_protein,disease,gene/protein,kg4rd:10679,kg4rd:51562
disease_phenotype_positive,disease,effect/phenotype,kg4rd:10679,kg4rd:1649
drug_effect,drug,effect/phenotype,kg4rd:6014,kg4rd:988
disease_protein,disease,gene/protein,kg4rd:10679,kg4rd:4907
drug_protein,drug,gene/protein,kg4rd:1265,kg4rd:4642
disease_disease,disease,disease,kg4rd:10679,kg4rd:10651
disease_phenotype_positive,disease,effect/phenotype,kg4rd:10679,kg4rd:34392
disease_disease,disease,disease,kg4rd:18901,kg4rd:16147
drug_effect,drug,effect/phenotype,kg4rd:11921,kg4rd:6532
bioprocess_protein,biological_process,gene/protein,kg4rd:8610,kg4rd:2101
disease_protein,disease,gene/protein,kg4rd:35432,kg4rd:825
indication,drug,disease,kg4rd:6643,kg4rd:5298
indication,drug,disease,kg4rd:790,kg4rd:10679
bioprocess_protein,biological_process,gene/protein,kg4rd:31099,kg4rd:216
disease_phenotype_positive,disease,effect/phenotype,kg4rd:10679,kg4rd:9063
disease_phenotype_positive,disease,effect/phenotype,kg4rd:10679,kg4rd:5162
indication,drug,disease,kg4rd:15114,kg4rd:16147
disease_phenotype_positive,disease,effect/phenotype,kg4rd:10311,kg4rd:2617
disease_phenotype_positive,disease,effect/phenotype,kg4rd:10679,kg4rd:3202
disease_phenotype_positive,disease,effect/phenotype,kg4rd:10679,kg4rd:100295
bioprocess_protein,biological_process,gene/protein,kg4rd:14732,kg4rd:2122
exposure_bioprocess,,biological_process,kg4rd:D000409,kg4rd:40007
indication,drug,disease,kg4rd:14984,kg4rd:10679
disease_phenotype_positive,disease,effect/phenotype,kg4rd:10679,kg4rd:1288
drug_protein,drug,gene/protein,kg4rd:1268,kg4rd:6774
bioprocess_protein,biological_process,gene/protein,kg4rd:43403,kg4rd:4654
disease_phenotype_positive,disease,effect/phenotype,kg4rd:11057,kg4rd:34392
bioprocess_protein,biological_process,gene/protein,kg4rd:31099,kg4rd:217
anatomy_protein_present,anatomy,gene/protein,kg4rd:2349,kg4rd:1756
disease_protein,disease,gene/protein,kg4rd:10679,kg4rd:3113
disease_phenotype_positive,disease,effect/phenotype,kg4rd:43218,kg4rd:12037
indication,drug,disease,kg4rd:13688,kg4rd:10679
disease_phenotype_positive,disease,effect/phenotype,kg4rd:10679,kg4rd:10807
cellcomp_protein,cellular_component,gene/protein,kg4rd:5737,kg4rd:1756
indication,drug,disease,kg4rd:1272,kg4rd:9290
anatomy_protein_absent,anatomy,gene/protein,kg4rd:5090,kg4rd:1756
disease_phenotype_positive,disease,effect/phenotype,kg4rd:10679,kg4rd:1510
disease_phenotype_positive,disease,effect/phenotype,kg4rd:15128,kg4rd:11106
disease_phenotype_positive,disease,effect/phenotype,kg4rd:10679,kg4rd:2540
disease_phenotype_positive,disease,effect/phenotype,kg4rd:20121,kg4rd:9067
disease_phenotype_positive,disease,effect/phenotype,kg4rd:10679,kg4rd:1635
disease_phenotype_positive,disease,effect/phenotype,kg4rd:10679,kg4rd:7018
disease_phenotype_positive,disease,effect/phenotype,kg4rd:10679,kg4rd:1260
disease_phenotype_positive,disease,effect/phenotype,kg4rd:10679,kg4rd:3119
drug_protein,drug,gene/protein,kg4rd:1039,kg4rd:57154
disease_phenotype_positive,disease,effect/phenotype,kg4rd:20121,kg4rd:25406
disease_protein,disease,gene/protein,kg4rd:20121,kg4rd:29954
disease_phenotype_positive,disease,effect/phenotype,kg4rd:10679,kg4rd:3287
disease_disease,disease,disease,kg4rd:10679,kg4rd:5021
drug_protein,drug,gene/protein,kg4rd:945,kg4rd:4779
indication,drug,disease,kg4rd:6014,kg4rd:10679
disease_protein,disease,gene/protein,kg4rd:20121,kg4rd:8291
disease_phenotype_positive,disease,effect/phenotype,kg4rd:10311,kg4rd:3119
disease_phenotype_positive,disease,effect/phenotype,kg4rd:10679,kg4rd:3202
disease_phenotype_positive,disease,effect/phenotype,kg4rd:10311,kg4rd:5162
disease_phenotype_positive,disease,effect/phenotype,kg4rd:10679,kg4rd:2515
indication,drug,disease,kg4rd:260,kg4rd:10679
disease_phenotype_positive,disease,effect/phenotype,kg4rd:10679,kg4rd:9113
disease_protein,disease,gene/protein,kg4rd:10679,kg4rd:1277
disease_phenotype_positive,disease,effect/phenotype,kg4rd:10679,kg4rd:1371
indication,drug,disease,kg4rd:860,kg4rd:10679
disease_phenotype_positive,disease,effect/phenotype,kg4rd:10679,kg4rd:762
disease_protein,disease,gene/protein,kg4rd:10679,kg4rd:1152
drug_protein,drug,gene/protein,kg4rd:12645,kg4rd:3065
disease_phenotype_positive,disease,effect/phenotype,kg4rd:10311,kg4rd:3323
indication,drug,disease,kg4rd:17048,kg4rd:2251
disease_protein,disease,gene/protein,kg4rd:10311,kg4rd:1277
disease_phenotype_positive,disease,effect/phenotype,kg4rd:10679,kg4rd:5200283
disease_protein,disease,gene/protein,kg4rd:10679,kg4rd:1756
indication,drug,disease,kg4rd:6014,kg4rd:10679
disease_phenotype_positive,disease,effect/phenotype,kg4rd:10679,kg4rd:1288
indication,drug,disease,kg4rd:19171,kg4rd:10679
indication,drug,disease,kg4rd:635,kg4rd:10679
disease_phenotype_positive,disease,effect/phenotype,kg4rd:10679,kg4rd:34392
drug_effect,drug,effect/phenotype,kg4rd:1238,kg4rd:738
disease_phenotype_positive,disease,effect/phenotype,kg4rd:10679,kg4rd:9067
anatomy_protein_present,anatomy,gene/protein,kg4rd:1377,kg4rd:1756
bioprocess_protein,biological_process,gene/protein,kg4rd:45026,kg4rd:8204
disease_phenotype_positive,disease,effect/phenotype,kg4rd:10679,kg4rd:3560
disease_phenotype_positive,disease,effect/phenotype,kg4rd:10679,kg4rd:1649
disease_phenotype_positive,disease,effect/phenotype,kg4rd:10679,kg4rd:12824
disease_phenotype_positive,disease,effect/phenotype,kg4rd:10679,kg4rd:5216
disease_protein,disease,gene/protein,kg4rd:10399,kg4rd:2710
drug_effect,drug,effect/phenotype,kg4rd:1238,kg4rd:746
disease_phenotype_positive,disease,effect/phenotype,kg4rd:10679,kg4rd:939
disease_phenotype_positive,disease,effect/phenotype,kg4rd:16147,kg4rd:3391
molfunc_protein,molecular_function,gene/protein,kg4rd:1902725,kg4rd:85457
disease_phenotype_positive,disease,effect/phenotype,kg4rd:10679,kg4rd:608
drug_protein,drug,gene/protein,kg4rd:255,kg4rd:1756
disease_phenotype_positive,disease,effect/phenotype,kg4rd:16367,kg4rd:2791
disease_disease,disease,disease,kg4rd:10679,kg4rd:16147
disease_phenotype_positive,disease,effect/phenotype,kg4rd:10679,kg4rd:3077
disease_phenotype_positive,disease,effect/phenotype,kg4rd:10679,kg4rd:2360
cellcomp_protein,cellular_component,gene/protein,kg4rd:31012,kg4rd:1605
disease_disease,disease,disease,kg4rd:10679,kg4rd:4995
drug_effect,drug,effect/phenotype,kg4rd:15114,kg4rd:855
indication,drug,disease,kg4rd:15114,kg4rd:10679
disease_disease,disease,disease,kg4rd:10311,kg4rd:16147
disease_phenotype_positive,disease,effect/phenotype,kg4rd:10679,kg4rd:2878
disease_phenotype_positive,disease,effect/phenotype,kg4rd:10679,kg4rd:2877
disease_phenotype_positive,disease,effect/phenotype,kg4rd:10679,kg4rd:1685
disease_phenotype_positive,disease,effect/phenotype,kg4rd:16899,kg4rd:3326
disease_phenotype_positive,disease,effect/phenotype,kg4rd:10679,kg4rd:2650
disease_phenotype_positive,disease,effect/phenotype,kg4rd:10679,kg4rd:2093
disease_phenotype_positive,disease,effect/phenotype,kg4rd:10679,kg4rd:2505
disease_protein,disease,gene/protein,kg4rd:18328,kg4rd:255738
disease_phenotype_positive,disease,effect/phenotype,kg4rd:8056,kg4rd:10535
disease_phenotype_positive,disease,effect/phenotype,kg4rd:10679,kg4rd:9067
indication,drug,disease,kg4rd:5,kg4rd:19810
indication,drug,disease,kg4rd:15114,kg4rd:16971
disease_protein,disease,gene/protein,kg4rd:8054,kg4rd:9636
disease_protein,disease,gene/protein,kg4rd:10679,kg4rd:1756
disease_phenotype_positive,disease,effect/phenotype,kg4rd:10679,kg4rd:7018
disease_phenotype_positive,disease,effect/phenotype,kg4rd:10679,kg4rd:2664
bioprocess_protein,biological_process,gene/protein,kg4rd:6955,kg4rd:101805492
disease_protein,disease,gene/protein,kg4rd:171,kg4rd:79147
phenotype_protein,effect/phenotype,gene/protein,kg4rd:271,kg4rd:7225
disease_phenotype_positive,disease,effect/phenotype,kg4rd:10679,kg4rd:9073
disease_phenotype_positive,disease,effect/phenotype,kg4rd:10679,kg4rd:30692
bioprocess_protein,biological_process,gene/protein,kg4rd:10468,kg4rd:1756
disease_phenotype_positive,disease,effect/phenotype,kg4rd:20121,kg4rd:2791
bioprocess_protein,biological_process,gene/protein,kg4rd:31099,kg4rd:1756
disease_protein,disease,gene/protein,kg4rd:10679,kg4rd:7222
disease_phenotype_positive,disease,effect/phenotype,kg4rd:10679,kg4rd:822
drug_effect,drug,effect/phenotype,kg4rd:675,kg4rd:34307
drug_effect,drug,effect/phenotype,kg4rd:5016,kg4rd:2505
disease_disease,disease,disease,kg4rd:4994,kg4rd:859193
disease_protein,disease,gene/protein,kg4rd:20121,kg4rd:1292
disease_protein,disease,gene/protein,kg4rd:10679,kg4rd:100131564
disease_phenotype_positive,disease,effect/phenotype,kg4rd:10679,kg4rd:3323
disease_phenotype_positive,disease,effect/phenotype,kg4rd:16899,kg4rd:11003
indication,drug,disease,kg4rd:1050,kg4rd:10679
disease_protein,disease,gene/protein,kg4rd:20121,kg4rd:1180
disease_phenotype_positive,disease,effect/phenotype,kg4rd:19079,kg4rd:25406
disease_phenotype_positive,disease,effect/phenotype,kg4rd:10679,kg4rd:2107
disease_disease,disease,disease,kg4rd:10679,kg4rd:19056
disease_protein,disease,gene/protein,kg4rd:10679,kg4rd:7402
disease_phenotype_positive,disease,effect/phenotype,kg4rd:10679,kg4rd:2020
drug_protein,drug,gene/protein,kg4rd:15114,kg4rd:1577
molfunc_protein,molecular_function,gene/protein,kg4rd:9738,kg4rd:1756
indication,drug,disease,kg4rd:1373,kg4rd:10679
disease_phenotype_positive,disease,effect/phenotype,kg4rd:10679,kg4rd:2194
disease_phenotype_positive,disease,effect/phenotype,kg4rd:10679,kg4rd:1644
disease_protein,disease,gene/protein,kg4rd:10311,kg4rd:598
disease_disease,disease,disease,kg4rd:19079,kg4rd:19056
disease_protein,disease,gene/protein,kg4rd:10679,kg4rd:8678
bioprocess_protein,biological_process,gene/protein,kg4rd:1901186,kg4rd:7026
disease_protein,disease,gene/protein,kg4rd:16971,kg4rd:859
disease_phenotype_positive,disease,effect/phenotype,kg4rd:10679,kg4rd:3391
disease_phenotype_positive,disease,effect/phenotype,kg4rd:10679,kg4rd:100543
disease_phenotype_positive,disease,effect/phenotype,kg4rd:10679,kg4rd:7618
drug_effect,drug,effect/phenotype,kg4rd:6643,kg4rd:1712
disease_phenotype_positive,disease,effect/phenotype,kg4rd:10679,kg4rd:5162
off-label use,drug,disease,kg4rd:11921,kg4rd:10679
cellcomp_protein,cellular_component,gene/protein,kg4rd:42383,kg4rd:7402
anatomy_protein_present,anatomy,gene/protein,kg4rd:5090,kg4rd:1152
disease_phenotype_positive,disease,effect/phenotype,kg4rd:10679,kg4rd:100613
off-label use,drug,disease,kg4rd:52,kg4rd:10679
disease_protein,disease,gene/protein,kg4rd:16147,kg4rd:1756
disease_phenotype_positive,disease,effect/phenotype,kg4rd:10679,kg4rd:2747
disease_phenotype_positive,disease,effect/phenotype,kg4rd:10679,kg4rd:2360
bioprocess_protein,biological_process,gene/protein,kg4rd:50728,kg4rd:2660
disease_protein,disease,gene/protein,kg4rd:10679,kg4rd:106144584
disease_disease,disease,disease,kg4rd:16147,kg4rd:16899
disease_phenotype_positive,disease,effect/phenotype,kg4rd:8030,kg4rd:100785
disease_phenotype_positive,disease,effect/phenotype,kg4rd:10679,kg4rd:9067
disease_phenotype_positive,disease,effect/phenotype,kg4rd:10679,kg4rd:1263
indication,drug,disease,kg4rd:635,kg4rd:10311
contraindication,drug,disease,kg4rd:675,kg4rd:10679
disease_disease,disease,disease,kg4rd:10679,kg4rd:15667
anatomy_protein_present,anatomy,gene/protein,kg4rd:15230,kg4rd:1756
bioprocess_protein,biological_process,gene/protein,kg4rd:6954,kg4rd:1513
disease_phenotype_positive,disease,effect/phenotype,kg4rd:10679,kg4rd:230
disease_phenotype_positive,disease,effect/phenotype,kg4rd:10679,kg4rd:2650
disease_disease,disease,disease,kg4rd:10679,kg4rd:816
disease_phenotype_positive,disease,effect/phenotype,kg4rd:10679,kg4rd:7009
disease_protein,disease,gene/protein,kg4rd:10679,kg4rd:7476
disease_phenotype_positive,disease,effect/phenotype,kg4rd:10679,kg4rd:9067
disease_phenotype_positive,disease,effect/phenotype,kg4rd:10679,kg4rd:2859
drug_protein,drug,gene/protein,kg4rd:1265,kg4rd:8678
disease_phenotype_positive,disease,effect/phenotype,kg4rd:10679,kg4rd:939
anatomy_protein_present,anatomy,gene/protein,kg4rd:3661,kg4rd:4842
indication,drug,disease,kg4rd:16802,kg4rd:10679
disease_protein,disease,gene/protein,kg4rd:10679,kg4rd:27306
disease_protein,disease,gene/protein,kg4rd:10679,kg4rd:1756
disease_phenotype_positive,disease,effect/phenotype,kg4rd:10679,kg4rd:2878
drug_effect,drug,effect/phenotype,kg4rd:9083,kg4rd:31820
disease_phenotype_positive,disease,effect/phenotype,kg4rd:7037,kg4rd:4322
phenotype_protein,effect/phenotype,gene/protein,kg4rd:25406,kg4rd:3676
cellcomp_protein,cellular_component,gene/protein,kg4rd:5856,kg4rd:1756
disease_phenotype_positive,disease,effect/phenotype,kg4rd:10311,kg4rd:3236
anatomy_protein_present,anatomy,gene/protein,kg4rd:14895,kg4rd:3908
bioprocess_protein,biological_process,gene/protein,kg4rd:6954,kg4rd:57585
disease_protein,disease,gene/protein,kg4rd:20121,kg4rd:10020
phenotype_protein,effect/phenotype,gene/protein,kg4rd:2097,kg4rd:8425
disease_phenotype_positive,disease,effect/phenotype,kg4rd:10679,kg4rd:8112
disease_phenotype_positive,disease,effect/phenotype,kg4rd:10679,kg4rd:25406
disease_protein,disease,gene/protein,kg4rd:10679,kg4rd:1756
disease_phenotype_positive,disease,effect/phenotype,kg4rd:7037,kg4rd:9826
bioprocess_protein,biological_process,gene/protein,kg4rd:36145,kg4rd:84876
disease_phenotype_positive,disease,effect/phenotype,kg4rd:10311,kg4rd:25406
disease_phenotype_positive,disease,effect/phenotype,kg4rd:10679,kg4rd:32198
disease_protein,disease,gene/protein,kg4rd:10679,kg4rd:6647
disease_phenotype_positive,disease,effect/phenotype,kg4rd:16899,kg4rd:2172
disease_phenotype_positive,disease,effect/phenotype,kg4rd:10679,kg4rd:722
indication,drug,disease,kg4rd:16802,kg4rd:10679
disease_phenotype_positive,disease,effect/phenotype,kg4rd:10679,kg4rd:100543
disease_disease,disease,disease,kg4rd:10679,kg4rd:19056
bioprocess_protein,biological_process,gene/protein,kg4rd:6954,kg4rd:3146
drug_effect,drug,effect/phenotype,kg4rd:675,kg4rd:2527
disease_phenotype_positive,disease,effect/phenotype,kg4rd:20121,kg4rd:9067
indication,drug,disease,kg4rd:635,kg4rd:16147
bioprocess_protein,biological_process,gene/protein,kg4rd:42246,kg4rd:3146
drug_effect,drug,effect/phenotype,kg4rd:230,kg4rd:2370
disease_protein,disease,gene/protein,kg4rd:20121,kg4rd:84892
indication,drug,disease,kg4rd:17048,kg4rd:10679
disease_phenotype_positive,disease,effect/phenotype,kg4rd:10679,kg4rd:2791
phenotype_protein,effect/phenotype,gene/protein,kg4rd:2344,kg4rd:1756
disease_phenotype_positive,disease,effect/phenotype,kg4rd:10679,kg4rd:1036
bioprocess_protein,biological_process,gene/protein,kg4rd:65007,kg4rd:5144
disease_phenotype_positive,disease,effect/phenotype,kg4rd:10679,kg4rd:25267
disease_phenotype_positive,disease,effect/phenotype,kg4rd:10679,kg4rd:2360
disease_disease,disease,disease,kg4rd:10622,kg4rd:10679
disease_protein,disease,gene/protein,kg4rd:16147,kg4rd:1756
disease_phenotype_positive,disease,effect/phenotype,kg4rd:10679,kg4rd:158
disease_phenotype_positive,disease,effect/phenotype,kg4rd:10679,kg4rd:717
disease_phenotype_positive,disease,effect/phenotype,kg4rd:10679,kg4rd:2721
indication,drug,disease,kg4rd:15005,kg4rd:10679
disease_protein,disease,gene/protein,kg4rd:10679,kg4rd:171019
disease_phenotype_positive,disease,effect/phenotype,kg4rd:10679,kg4rd:211
disease_phenotype_positive,disease,effect/phenotype,kg4rd:10679,kg4rd:2650
disease_protein,disease,gene/protein,kg4rd:10679,kg4rd:8767
phenotype_protein,effect/phenotype,gene/protein,kg4rd:1582,kg4rd:8425
disease_protein,disease,gene/protein,kg4rd:10679,kg4rd:387
disease_phenotype_positive,disease,effect/phenotype,kg4rd:19019,kg4rd:2659
disease_phenotype_positive,disease,effect/phenotype,kg4rd:10679,kg4rd:25280
disease_protein,disease,gene/protein,kg4rd:5045,kg4rd:8483
phenotype_phenotype,effect/phenotype,effect/phenotype,kg4rd:10807,kg4rd:689
phenotype_protein,effect/phenotype,gene/protein,kg4rd:2505,kg4rd:8425
disease_protein,disease,gene/protein,kg4rd:10679,kg4rd:945
disease_phenotype_positive,disease,effect/phenotype,kg4rd:10679,kg4rd:77
disease_phenotype_positive,disease,effect/phenotype,kg4rd:10679,kg4rd:3010
disease_phenotype_positive,disease,effect/phenotype,kg4rd:10679,kg4rd:3115
disease_protein,disease,gene/protein,kg4rd:10679,kg4rd:3676
indication,drug,disease,kg4rd:700,kg4rd:10679
disease_protein,disease,gene/protein,kg4rd:10679,kg4rd:3146
disease_phenotype_positive,disease,effect/phenotype,kg4rd:10679,kg4rd:518
phenotype_protein,effect/phenotype,gene/protein,kg4rd:1654,kg4rd:8425
disease_phenotype_positive,disease,effect/phenotype,kg4rd:10679,kg4rd:739
disease_protein,disease,gene/protein,kg4rd:7294,kg4rd:84624
disease_phenotype_positive,disease,effect/phenotype,kg4rd:10679,kg4rd:2098
disease_phenotype_positive,disease,effect/phenotype,kg4rd:10679,kg4rd:1639
drug_effect,drug,effect/phenotype,kg4rd:6014,kg4rd:2013
disease_phenotype_positive,disease,effect/phenotype,kg4rd:10679,kg4rd:32263
phenotype_protein,effect/phenotype,gene/protein,kg4rd:3202,kg4rd:1756
disease_protein,disease,gene/protein,kg4rd:10679,kg4rd:871
indication,drug,disease,kg4rd:18669,kg4rd:10526
disease_protein,disease,gene/protein,kg4rd:10679,kg4rd:2066
disease_phenotype_positive,disease,effect/phenotype,kg4rd:16147,kg4rd:1419
disease_phenotype_positive,disease,effect/phenotype,kg4rd:10613,kg4rd:1249
indication,drug,disease,kg4rd:12645,kg4rd:9891
disease_phenotype_positive,disease,effect/phenotype,kg4rd:10679,kg4rd:970
indication,drug,disease,kg4rd:985,kg4rd:10679
disease_phenotype_positive,disease,effect/phenotype,kg4rd:10679,kg4rd:3391
disease_phenotype_positive,disease,effect/phenotype,kg4rd:10679,kg4rd:3690
bioprocess_protein,biological_process,gene/protein,kg4rd:65007,kg4rd:7402
disease_protein,disease,gene/protein,kg4rd:10679,kg4rd:442117
disease_phenotype_positive,disease,effect/phenotype,kg4rd:10679,kg4rd:1638
drug_protein,drug,gene/protein,kg4rd:331,kg4rd:64175
disease_protein,disease,gene/protein,kg4rd:10311,kg4rd:9509
drug_protein,drug,gene/protein,kg4rd:11921,kg4rd:4306
phenotype_protein,effect/phenotype,gene/protein,kg4rd:1635,kg4rd:6774
disease_phenotype_positive,disease,effect/phenotype,kg4rd:10679,kg4rd:3323
disease_phenotype_positive,disease,effect/phenotype,kg4rd:10679,kg4rd:34392
disease_phenotype_positive,disease,effect/phenotype,kg4rd:19079,kg4rd:5200283
disease_protein,disease,gene/protein,kg4rd:10679,kg4rd:30061
drug_protein,drug,gene/protein,kg4rd:18186,kg4rd:1756
indication,drug,disease,kg4rd:1238,kg4rd:6664
phenotype_protein,effect/phenotype,gene/protein,kg4rd:3677,kg4rd:1756
drug_effect,drug,effect/phenotype,kg4rd:202,kg4rd:2153
disease_phenotype_positive,disease,effect/phenotype,kg4rd:10679,kg4rd:5162
disease_phenotype_positive,disease,effect/phenotype,kg4rd:10679,kg4rd:3701
disease_phenotype_positive,disease,effect/phenotype,kg4rd:10679,kg4rd:33755
disease_phenotype_positive,disease,effect/phenotype,kg4rd:10679,kg4rd:2747
indication,drug,disease,kg4rd:15114,kg4rd:10679
indication,drug,disease,kg4rd:4866,kg4rd:10679
indication,drug,disease,kg4rd:230,kg4rd:10679
disease_phenotype_positive,disease,effect/phenotype,kg4rd:10679,kg4rd:2505
exposure_protein,,gene/protein,kg4rd:C009924,kg4rd:1756
drug_effect,drug,effect/phenotype,kg4rd:5016,kg4rd:6532
disease_phenotype_positive,disease,effect/phenotype,kg4rd:10679,kg4rd:12378
exposure_protein,,gene/protein,kg4rd:D000305,kg4rd:1756
disease_phenotype_positive,disease,effect/phenotype,kg4rd:10679,kg4rd:12531
disease_phenotype_positive,disease,effect/phenotype,kg4rd:10679,kg4rd:4798
disease_phenotype_positive,disease,effect/phenotype,kg4rd:10311,kg4rd:1635
disease_phenotype_positive,disease,effect/phenotype,kg4rd:10311,kg4rd:1256
bioprocess_protein,biological_process,gene/protein,kg4rd:14834,kg4rd:2335
disease_phenotype_positive,disease,effect/phenotype,kg4rd:10679,kg4rd:1644
contraindication,drug,disease,kg4rd:16802,kg4rd:5550
bioprocess_protein,biological_process,gene/protein,kg4rd:7623,kg4rd:406
disease_phenotype_positive,disease,effect/phenotype,kg4rd:4976,kg4rd:25435
disease_protein,disease,gene/protein,kg4rd:16899,kg4rd:1756
disease_phenotype_positive,disease,effect/phenotype,kg4rd:10679,kg4rd:100543
drug_effect,drug,effect/phenotype,kg4rd:16802,kg4rd:2013
indication,drug,disease,kg4rd:136,kg4rd:10679
disease_protein,disease,gene/protein,kg4rd:10679,kg4rd:4654
disease_phenotype_positive,disease,effect/phenotype,kg4rd:10679,kg4rd:5165
indication,drug,disease,kg4rd:17958,kg4rd:10679
disease_phenotype_positive,disease,effect/phenotype,kg4rd:8055,kg4rd:12378
bioprocess_protein,biological_process,gene/protein,kg4rd:19222,kg4rd:2099
disease_phenotype_positive,disease,effect/phenotype,kg4rd:10679,kg4rd:1263
disease_protein,disease,gene/protein,kg4rd:10679,kg4rd:5728
disease_phenotype_positive,disease,effect/phenotype,kg4rd:10679,kg4rd:12595
disease_phenotype_positive,disease,effect/phenotype,kg4rd:10679,kg4rd:100662
disease_disease,disease,disease,kg4rd:10679,kg4rd:16620
disease_phenotype_positive,disease,effect/phenotype,kg4rd:10679,kg4rd:12037
disease_disease,disease,disease,kg4rd:5252,kg4rd:4992
disease_protein,disease,gene/protein,kg4rd:16147,kg4rd:1756
indication,drug,disease,kg4rd:15726,kg4rd:10679
disease_disease,disease,disease,kg4rd:24530,kg4rd:14086
disease_phenotype_positive,disease,effect/phenotype,kg4rd:10679,kg4rd:7269
off-label use,drug,disease,kg4rd:746,kg4rd:10679
disease_protein,disease,gene/protein,kg4rd:10679,kg4rd:406
indication,drug,disease,kg4rd:11921,kg4rd:10679
disease_protein,disease,gene/protein,kg4rd:20121,kg4rd:6442
disease_phenotype_positive,disease,effect/phenotype,kg4rd:10679,kg4rd:2180
disease_phenotype_positive,disease,effect/phenotype,kg4rd:10679,kg4rd:100295
exposure_bioprocess,,biological_process,kg4rd:D000409,kg4rd:1837
disease_phenotype_positive,disease,effect/phenotype,kg4rd:10651,kg4rd:5200283
disease_phenotype_positive,disease,effect/phenotype,kg4rd:757,kg4rd:41166
disease_disease,disease,disease,kg4rd:5298,kg4rd:10679
indication,drug,disease,kg4rd:4652,kg4rd:10679
disease_phenotype_positive,disease,effect/phenotype,kg4rd:10679,kg4rd:823
disease_phenotype_positive,disease,effect/phenotype,kg4rd:10679,kg4rd:3678
disease_phenotype_positive,disease,effect/phenotype,kg4rd:10679,kg4rd:2180
bioprocess_protein,biological_process,gene/protein,kg4rd:45214,kg4rd:8736
disease_phenotype_positive,disease,effect/phenotype,kg4rd:10679,kg4rd:750
disease_phenotype_positive,disease,effect/phenotype,kg4rd:10679,kg4rd:31846
disease_protein,disease,gene/protein,kg4rd:10679,kg4rd:3162
anatomy_protein_present,anatomy,gene/protein,kg4rd:15230,kg4rd:924
disease_phenotype_positive,disease,effect/phenotype,kg4rd:10679,kg4rd:12532
indication,drug,disease,kg4rd:635,kg4rd:10679
drug_protein,drug,gene/protein,kg4rd:9081,kg4rd:2936
disease_phenotype_positive,disease,effect/phenotype,kg4rd:10679,kg4rd:3323
phenotype_protein,effect/phenotype,gene/protein,kg4rd:3287,kg4rd:1756
disease_phenotype_positive,disease,effect/phenotype,kg4rd:10679,kg4rd:2878
disease_phenotype_positive,disease,effect/phenotype,kg4rd:10679,kg4rd:6532
disease_phenotype_positive,disease,effect/phenotype,kg4rd:10679,kg4rd:689
disease_protein,disease,gene/protein,kg4rd:10679,kg4rd:1756
disease_phenotype_positive,disease,effect/phenotype,kg4rd:10679,kg4rd:12332
disease_protein,disease,gene/protein,kg4rd:10679,kg4rd:5144
disease_phenotype_positive,disease,effect/phenotype,kg4rd:7037,kg4rd:256
disease_protein,disease,gene/protein,kg4rd:10679,kg4rd:9748
disease_disease,disease,disease,kg4rd:10311,kg4rd:11305
disease_phenotype_positive,disease,effect/phenotype,kg4rd:10679,kg4rd:2597
