relation,x_index,y_index,uid
disease_phenotype_positive,40189,27374,:40400011:8cxiHTfHEbuMJ5cudTfhtn
disease_protein,40189,7812,:40366239:52d5FmoktMw9P8H9yRsyEL
disease_protein,40189,4785,:40361216:QW9DbX3U4yc8iP2ugNLKfx
disease_phenotype_positive,40189,28022,:40359883:JrogmgpD3XR4BMnqfQWogW
disease_protein,40189,290,:40195304:gE7Xu5hLF966xvk6Ez4Xmj
disease_disease,40189,47556,:40167615:V2iACj39w4LjcSTisUMBDn
disease_phenotype_positive,40189,78992,:40102886:j8eaWLaoCwaR2nnDMmNK9c
disease_phenotype_positive,41081,78992,:40102886:HuLBma2F6Y754Vs6sNmdE9
disease_disease,40189,48957,:40101139:idXW6bW58MwJtfJwmt3ijV
disease_phenotype_positive,40189,73687,:40051007:7XFY2N4yS5TSkAfCWSiuyg
disease_phenotype_positive,49943,29377,:40051007:DN2GavR7Bef6bTxXKoLddy
disease_phenotype_positive,47355,29221,:40051007:TPghwo9TViwh4Egja3WN7H
disease_phenotype_positive,40189,31032,:40008976:gQBGVzVrQYni4s2BQkeLEe
disease_protein,40189,9315,:39939773:V3LbftQCzrEjTDiNm4CLhz
disease_protein,38181,439,:39915227:EvH3deJ2QVqJtQp43rxNMt
disease_phenotype_positive,40189,84442,:39894866:NwKwwqg8RoDtHyRgYDv7uM
disease_phenotype_positive,40189,28258,:39889824:mJMtxFuQMptZFubfpsUa6Z
bioprocess_protein,53189,11438,:39889824:Vcd9N4B8RHXLsvbNkEFCnt
bioprocess_protein,59612,8712,:39865125:3Pkh3jbtktihyka4a8a98z
disease_phenotype_positive,40189,79022,:39806512:KYgvPQ5NjGeJpFWCshq2kn
disease_phenotype_positive,40189,27195,:39792921:mYo3Juk69pDcwiXtEjPD4H
disease_phenotype_positive,40189,27763,:39792584:MVBp9JQ7DvHaAXdH4i3HrF
disease_phenotype_positive,49943,27148,:39719374:4MSSeN5cnEamZQenv9jJZ5
disease_protein,40189,3786,:39702274:n6UTkR8UhXr4Y4YbR4Jfjy
disease_phenotype_positive,40189,27185,:39669499:5bhD4KB8URT3D69ZJ3rkRy
disease_phenotype_positive,40189,27910,:39648958:7Z8ZdSakG5Eehi4shmeeuR
disease_phenotype_positive,40189,27861,:39630734:FyrbtC7xNZwwSgdRCumb6k
disease_phenotype_positive,38894,28291,:39621041:4kueP7cyYR3oB466eKceL2
phenotype_protein,28260,9016,:39595988:ZaYrLNrJ5E3EXNoVWxbzYT
disease_disease,38894,49943,:39561886:VAhyfJ4KeusPWRR7iLxnib
disease_disease,40189,49943,:39561886:WpUVHqCoo8Mc4XpJT3xL8M
disease_disease,40189,42878,:39534979:DeexuY93gN7eoNLQVocXHf
disease_disease,40189,34338,:39531786:f5T76BgQYqqxWytAikb6sk
disease_phenotype_positive,40189,73904,:39531786:e7pAxCrMQuwWAvEopD6dnN
phenotype_phenotype,73070,27527,:39503119:2DHwpLhG3EeEWnxf8wN4YX
disease_phenotype_positive,38894,28976,:39499670:nGeKckQ5mPw5XbYiGuzj4b
disease_phenotype_positive,38894,30445,:39499670:3WYW8ycEBVgYCoujRqhSHQ
disease_protein,40189,2737,:39477543:WW66Qpm4Uj2GkHBg3dTrNc
disease_protein,40189,12109,:39390091:CRjpxpvYZiyBvMXveSCjpn
disease_protein,40189,8920,:39390091:4V5xYukBARmur7weWyaB9S
disease_protein,40189,1481,:39390091:DjJexaoWz8xWhuut66u2Aa
disease_phenotype_positive,40189,27705,:39362116:8UePaQSwb4s6k6Svat3sPX
disease_phenotype_positive,40189,75487,:39317091:jScF39RqKVm6JuxwPX99Wk
disease_phenotype_positive,40189,26960,:39298449:mRjhTR5V3bURRxi7kRXo9C
disease_phenotype_positive,38455,27907,:39283673:h2gut4zepqcuCWugZNY3Ki
disease_phenotype_positive,38455,27195,:39283673:Eeajg5QaWiKK8kSS45rL57
disease_protein,38894,2982,:39192489:cDJbhXDzjaDNexGWRYEnAD
disease_protein,38894,83,:39192489:VesaqH2wnMiStskaGEw75H
disease_protein,38894,765,:39192489:fiRjiUruT8njkCUma9nAUq
disease_protein,40189,2815,:39159389:Fue6txyXuHpcma4D5EqPbM
disease_protein,40189,8069,:39158383:3r43d7HeBF6USQ6FWQcx4z
disease_protein,49513,1636,:39117956:FHd6rdeDGd9HQZ6VSNPQpb
disease_protein,49943,9016,:39014877:6givg6FUnhvdQpwNYCHAtk
disease_protein,40189,3222,:39014877:byujgFXbT3JXpMLi3MgYYN
disease_protein,40189,15772,:39014877:YmzPqpccrWWEoUmvPp29Lu
disease_phenotype_positive,40189,73920,:38999890:PdrXzciL4T3EUwGk6WzNzE
phenotype_protein,27970,4345,:38924558:ZusXzwCPG8cveph3LBoBdj
disease_phenotype_positive,40189,30428,:38915199:AcyUH6faNXPBKKtRj3WLk3
disease_protein,40189,349,:38867250:fLTFxY7nCYg24UgDTQor6J
disease_phenotype_positive,40189,30966,:38847487:7czb8iN9MuS7ot4r6LSqGP
disease_phenotype_positive,40189,29980,:38822858:ii5aPGEYc2ox9MrX3xRV77
disease_phenotype_positive,40189,28939,:38729626:eKDk8BchrrKg3rwUMePcDC
disease_phenotype_positive,40189,27148,:38701157:cSA8RE7GzkRAv28aDGZuMN
disease_disease,49943,47241,:38693632:ifTeudn8oYfKDaCNGbCd8h
bioprocess_protein,57691,812,:38671506:AQ24VVZTiQpvSjd4jgDYkj
bioprocess_protein,57069,812,:38671506:dXrnH4RACoBp3WmuunpXUG
disease_protein,40189,812,:38671506:Moc6LL9dgJJZtheoAMgcgx
phenotype_phenotype,28939,27989,:38658324:cMgmaU9AZiiems9gpWxstX
disease_phenotype_positive,40189,28559,:38637619:SM64sUhQ9x3YqBxjBVAAnr
disease_phenotype_positive,40189,28456,:38637619:RJzH9MASYRLBbmhPcfpx3Z
disease_disease,40189,48007,:38630313:64DymYQVwKxWvMtC6SF8EY
disease_protein,38067,11588,:38621993:CYGHsMYLNjTqB5Pq4vo2qv
disease_protein,38067,8807,:38621993:nLbecxwPzv76p2NxrVUP5S
disease_protein,38067,11561,:38621993:iwJcqJAYXKgf3p6WBzayvi
disease_protein,38067,7872,:38621993:gc5r25UUF6bCCrNhQo84bC
disease_protein,38067,15131,:38621993:6ZuKV8ovA6gd6Woj2kUbyc
disease_phenotype_positive,33185,73906,:38507466:DWW3aGK2VzJeeqD8TQh4AU
phenotype_protein,27526,9016,:38484964:Aj6R7jcdTaqAfYZCP4Tps5
disease_protein,40189,4267,:38339125:dfPE4BpQHWksDv4aLy2CcQ
disease_protein,38894,9399,:38336890:afxw3MHPY8oZW3CMcufZHs
disease_protein,38894,26305,:38336890:afxw3MHPY8oZW3CMcufZHs
disease_phenotype_positive,38894,78992,:38324931:AShJ74HjdCsEXWffmJTRzh
disease_protein,40189,12587,:38271438:9euQEMkQqoZmh6HzuDz8i6
disease_phenotype_positive,40189,73539,:38193355:6wJFX7e4zWkGC4NUvWEFa5
disease_phenotype_positive,40189,31193,:38193355:6dMuA4wvBXMASTxDgtV5yD
disease_protein,40189,13706,:38179963:fNBTpCUTPyVApfV7xWGUsb
disease_protein,40189,12088,:38179963:dEDKVZ5tkDQ6GiTjyhgroh
disease_protein,40189,5941,:38179963:Xn8d98c6vUy9kXBWNXHfbP
disease_protein,40189,16744,:38179963:8vTaya5kQ6SeVwCfJwsx2V
disease_protein,40189,10703,:38179963:39EYsMVEMNDAxuuZF7o3r9
disease_protein,40189,15029,:38179963:2rhUcnnVddqoHJ7qy3AKQb
disease_protein,40189,26727,:38179963:hMsmd8oHcvCitezFHZpiRb
disease_protein,40189,15514,:38179963:6nEFoAZcJuBJTQwwb7p5ry
disease_protein,40189,6012,:38179963:ZqEpVTmjhUi58kPDoJk6Tr
disease_protein,40189,4289,:38165583:bStxR7JUXA2AAWjZ7CFvfD
disease_protein,40189,765,:38165583:ZSRYmi6gacbt4TBithciVH
disease_protein,40189,5085,:38165583:Ajqb9pc35rhhAuyv5MHSjS
disease_protein,40189,4494,:38165583:Cc2ob9k9WcDo4nCo66tmnR
disease_protein,40189,480,:38165583:JXbyAQkAbEbYee7o8vg98z
disease_protein,40189,9166,:38165583:JP4Xnv7ZxaLBCKnaqqTCvy
disease_protein,40189,12358,:38165583:cJTxguhJMAHdDKffrjos9h
disease_protein,40189,14472,:38146684:Dk6WzDRo3nCcB6J4fbaH3U
disease_protein,38894,14472,:38146684:iFzYAkEZr2b3jpcCAup39D
disease_disease,40189,45183,:38099842:6ovLicCxpTbYxBHJzT3xky
disease_protein,40189,12042,:38078368:jcBHbecD58sVFeh8AD5TyW
disease_phenotype_positive,36823,27162,:37933889:UyvjSLKb5yDQefSVW9Cgqn
disease_phenotype_positive,36823,28213,:37933889:EWSAntKrhX353Dn5Xvxwzx
phenotype_protein,27000,26635,:37929330:5fZjuh5bpVjkiR22D39CEP
disease_phenotype_positive,40189,74305,:37740996:nLPjFVU7gPvj2hUhcyfXhW
disease_phenotype_positive,40189,27715,:37724986:TEGXmWBfcgc9zhimcievs6
disease_phenotype_positive,40189,80086,:37724986:NPZktYs6EZMp3fi6SV6yuB
disease_phenotype_positive,40189,27651,:37724986:3RSWU9eLWWvJtTFEegZNzd
disease_protein,35108,9016,:37666691:PwpWBPohBfBvWrDyRcUsGP
disease_disease,48915,47429,:37628775:CZPu6CeNmm2oJgwcrNTgeA
phenotype_protein,28976,9016,:37602688:e2rtoKVDab2NVdXcQyks2N
disease_protein,41081,11533,:37596438:Lj7HNUgog6vntwfGA8q3cF
disease_phenotype_positive,40189,73158,:37545256:NoRjDccqtq5Xx3xrXQyS47
phenotype_phenotype,29388,29387,:37334614:33qXkhRQmCz8ZEY4V3Pgau
bioprocess_protein,54482,7727,:37311604:8fxgsCuNU3j5B3pjbRhjxF
disease_protein,40189,7727,:37311604:CtUfdw7h4fH8EAU2Nd9bwr
disease_protein,41769,13825,:37091526:Knhydz3YWgCLkJmYdAXd2U
disease_protein,41769,11276,:37091526:FEinLDy8q8gktBexmVBQcF
disease_phenotype_positive,49513,27989,:37072321:2fkA4SDEJaqWE9S9QnbGSw
disease_phenotype_positive,86409,27989,:37072321:PmQE4izu49CBRszaXUQdcC
disease_phenotype_positive,41218,27989,:37072321:Yadayp3a3oWHqCs9ws6q8i
disease_phenotype_positive,33185,28591,:37072321:bo6SsjrHnVwfecP4m5Rksy
bioprocess_protein,53944,9662,:37071470:oMAuJnAS9R6L8oLnRngCnG
disease_protein,40189,9662,:37071470:SixG5kw88wyBkdBjgGETBg
disease_phenotype_positive,40189,73984,:37063046:BZtnsRXaqvJLrxRmbwjNy2
disease_phenotype_positive,40189,31735,:37063046:JcnEuhdHgdBbiU78LABA3M
disease_phenotype_positive,40189,85531,:37063046:YjapgaXNcvtrjgL9Jf9fN2
disease_protein,40189,3252,:36935420:L9hQfqsow4wh9Lu3pCCMJe
disease_protein,40189,7896,:36935420:bYP7vnCdFXJ9GmadZKd8vA
disease_protein,40189,69512,:36935420:e63bnxCatZ4dvZQXUhdiEA
disease_protein,40189,9492,:36935420:DyeKCY8ds4Uspt45rj5kxj
disease_protein,40189,68877,:36935420:FJZbgE6KxcWrbk9UJSFjn4
disease_protein,40189,12457,:36935420:mRNxjPAQ6EW4X6Zgm2oStR
disease_protein,40189,5629,:36675000:VqYe2Ttnbopw6ujTaL6g25
bioprocess_protein,54004,16133,:36609344:LDs4zLpZTE3HDW6HDfHgPm
bioprocess_protein,54004,1312,:36609344:PXuu2vqzcEd497vonAmTpm
bioprocess_protein,54004,4379,:36609344:A5dRFa37i6xdPnw6uyzctx
disease_protein,40189,3494,:36596079:cqjqvUi7QMkNMabf74qhqE
disease_protein,40189,2774,:36596079:cavZUdase8s6wYtgsMN6u3
disease_protein,40189,13053,:36596079:kRneMxkoNtfwsVbhncDm7s
disease_protein,40189,15331,:36596079:UNXxNtkbqs4bM8FKZFbY7k
disease_protein,40189,13537,:36596079:ZP2RQhzKc3D7dukez9G6GH
disease_protein,49513,2295,:36575883:7BWvpMuQJ8uDHh7aaMm5GL
disease_protein,49513,6650,:36575883:96XdgPzabxq8wFaLTqQLvW
disease_protein,49513,5920,:36575883:oTXThTEfBL7kZFKMj6zGfP
disease_protein,49513,4753,:36575883:oRGMSwfLP54uzKcMQMA8yo
disease_protein,49513,7629,:36575883:DduAuzPfEzbCk4MDQGCyQk
disease_protein,49513,12532,:36575883:9firhTtBUw9s3iGinfp64c
disease_protein,49513,7967,:36575883:4AtgCUAXnjax6mumH6oGaC
disease_protein,49513,6681,:36575883:Gn9TQPumZpL2dBKSFrshoe
disease_protein,40189,16530,:36483550:dKxQfaNbXPgmAZ4M2oDd5Z
disease_protein,40189,9605,:36483550:WuSaMuFcUFjTrmg3JgMHwq
disease_protein,40189,15384,:36483550:dPQtrrN8Ba4DY5tULh2UEC
disease_phenotype_positive,40189,79049,:36443054:AL762QkodSn962ze4y86oC
phenotype_protein,28260,10964,:36402791:fG5AxDasnfRgtpcEGfFYkf
disease_protein,40189,10964,:36402791:L2h9jRrMaDkWo3ym8oN3P4
disease_disease,40189,47528,:36322201:iYkAAy5Lk5uLWpWCbxUZKK
disease_phenotype_positive,40189,29330,:36215287:Y7iUhgamhyr3LuE9huabE2
disease_phenotype_positive,38894,29384,:36130887:MmttrSenTFBhS8M84bRZSb
disease_phenotype_positive,41976,28182,:36130887:GELTdhomZstfViKrCTmPzg
phenotype_protein,78992,9016,:36123393:TYT6fPeCxvpkd5GFVBJzwp
disease_phenotype_positive,40189,27687,:36112314:mtKPUG7zHMHGwbK32eGGJ7
disease_phenotype_positive,40189,29002,:36112314:9LPqPPGtiqLFEvbrYwewUc
disease_disease,40189,48953,:36056946:ameGF2mcnSvmADY26rMU8q
disease_phenotype_positive,40189,26892,:36012334:E6DpnVcgmWF9ssyTyxknAn
disease_protein,41081,11537,:36012138:fAwPsKQSsAUKZVHyiF9xCs
phenotype_protein,28976,12358,:36011296:iu33uRWVBMXaot7ehe9DpN
phenotype_protein,28976,10206,:36011296:EHksjQxjoBDe2zTKbgy25V
phenotype_protein,28976,5693,:36011296:2gZTLykrDWmE8MyRrZDWZ5
disease_phenotype_positive,41170,28602,:36007191:BmFHj68Pb4cBhrxvcDrXk6
disease_phenotype_positive,40189,28602,:36007191:AmbsrtzmGBaANtAvsnZDpc
disease_phenotype_positive,40189,73078,:35987773:jBPmdjFABJFEACKj88Luf7
disease_disease,49513,46189,:35973890:VsjkpN4AFeDWFjSBhhYki2
disease_disease,40189,46189,:35973890:YiHCGnLrjurJsEpsZrRtCQ
phenotype_protein,27017,6835,:35912995:jS6YdxvbRSLz5CtgGFkGDH
disease_phenotype_positive,40189,75188,:35886926:bJCzQpV49Y6swLCmPoWXrW
disease_disease,40189,47521,:35614293:EK2iHh5MhAeqMuR5RQGBgz
disease_phenotype_positive,38894,27384,:35367224:mxSvisqwA5KWjcnLcQZdnY
disease_protein,40189,780,:35298089:i3bvgsiKA8stJTZsGqoX3n
disease_phenotype_positive,40189,28601,:35273230:HKjpHvGioGrCafiSnCSTYs
disease_phenotype_positive,40189,31527,:35236763:T8jQr3AG2EXcrC9yVWFTrN
disease_phenotype_positive,40189,30272,:35236763:EJNTKqKeR2qK9cD4dxXhEv
disease_disease,40189,44445,:35215377:Bh5kwfUYRWk3YvnCn2DMhy
disease_phenotype_positive,40189,28082,:35215377:i5KP4B4JaGr47T88zKLLeq
disease_phenotype_positive,40189,27190,:35215377:3ZecbLoURyG8XypZCwcgx5
disease_phenotype_positive,40189,27435,:35215377:5rJ3HxsUbGcCsPFRFByE8h
disease_protein,40189,2727,:35170869:H3DM48fsVLXRkMnPy5jPAg
disease_phenotype_positive,40189,27535,:35157045:2ft87Qq7noXqeqDzZXQyfs
disease_protein,40189,8995,:35132805:bnLiFWagBYosca9ACYhMAg
phenotype_protein,27384,9016,:35064002:9otffHMfpZ24mMwkRgSMYU
bioprocess_protein,53219,9016,:35064002:VVC6TfqqTHYsdUgjEoTCYb
disease_protein,40189,10354,:35055145:njApWA2KnGLfxH2Epkzmpb
disease_phenotype_positive,40189,73906,:34964145:JGFzQJsWWmKc4QZCpGdCEb
disease_protein,40189,14498,:34930315:Q6hWpz5ewLHvvChxuXCiCw
disease_protein,40189,11367,:34930315:nsCCVR8MFVYCqA5awDVVuN
disease_protein,40189,4886,:34922439:4DrumKRkPQrzzJZESnroPo
disease_protein,40189,11526,:34922439:CNSVg6snjmu4goADGoYqrM
disease_protein,40189,3078,:34922439:DZoMmHmKW7VZ54oBZpGvGi
disease_protein,40189,16605,:34922439:nwR67YQ4T7E3GvmKJkzsfm
disease_protein,40189,43492,:34922439:nwR67YQ4T7E3GvmKJkzsfm
disease_protein,40189,2342,:34922439:DN64kkeAUGcFHqruqzvvV8
disease_protein,40189,2410,:34922439:U8s7T6siMvrnjsKwvyEWSP
disease_protein,40189,1028,:34922439:5vEuF7m3TcKiHm9bGDdJ3v
disease_protein,40189,10893,:34922439:U5RAxN4Eb9WacbPUx2cERj
disease_protein,40189,4213,:34922439:oJsSjTcCeutu3YKGWpuD6u
disease_protein,40189,1898,:34922439:Ny9oNnoypusqpB2S6bwtPE
disease_protein,38894,926,:34922439:RRUe4oCJ8NAtWREqiA8XnE
disease_protein,38894,8674,:34922439:9JMeDh89uUqjiE5LQnCCV7
disease_protein,38894,1028,:34922439:NsqcA4T9VTqTikBRE8rG8Q
disease_protein,38894,7001,:34922439:3RLtu9x9Dby6fv9hpCS57h
disease_protein,38894,3222,:34922439:UahTowoDKdtQXYrFuqzJLw
disease_protein,38894,9166,:34922439:GtDN5VNAb79qMc3m9etX89
disease_protein,38894,1547,:34922439:cmoLsvP8PPFpZ6KsJ7Uber
disease_protein,38894,10123,:34922439:ECR8qtGczYFVMoAVzF8S3F
disease_protein,38894,10894,:34922439:SXE2LFYZJRFGZ8eK7cR4BX
disease_protein,38894,2989,:34922439:DEKrctByKQJsLUPRNTPQNk
disease_disease,49943,40189,:34850383:GSSKf9EFHKRmjk7Ygvssdv
disease_phenotype_positive,40189,30442,:34796900:YdXquGXbDZAvG3QfDSZ8oD
disease_disease,49994,49943,:34764091:9EWequqryMTJRUXWuzLo9K
disease_protein,40189,15849,:34569076:ZBCkpPnE3tKZKcYsGU9QHR
disease_protein,40189,10523,:34569076:WTiGFXgHzqFyy6iv5jFE4M
disease_protein,40189,2127,:34553378:gExpDPE3dZLAhehGKzkcNZ
bioprocess_protein,62424,26390,:34454586:Mk7xKaH2pMcLA76CFtczM6
disease_phenotype_positive,40189,28273,:34453345:KHE3ePbKxqyveaGPU4S7aY
disease_disease,40189,46111,:34453345:DgjCBf3UTv3E4ZKWksiNRK
bioprocess_protein,53806,12440,:34424816:AzNjaCTKBvZWUugynffqD6
phenotype_protein,28022,9016,:34374652:e6MT4ysaR44eNk3uTM7kHZ
disease_protein,40189,10478,:34214631:7GzKSEE33G9HnkfyRpfHGA
disease_protein,40670,8069,:34078746:3GNcxiN8Ez52wUAbroYov3
phenotype_protein,28260,8069,:34078746:JjcrNtbisd3Fkm9Wjat3DG
phenotype_protein,28833,5693,:34071145:WUb3DWSuB2QVcBDhRCyWwg
phenotype_protein,27524,5693,:34071145:mLnHVwpqjKXcsjeggmuTqm
disease_phenotype_positive,40189,27720,:34053847:mF8t7MfksmkZubddRfft28
bioprocess_protein,54260,9307,:34048282:QCUdtdybDBpndnpUTgCPWp
disease_phenotype_positive,40189,30912,:34024777:BkGGn2kzCjupTiS5UVmvh8
disease_phenotype_positive,40189,29388,:33826161:j4SddoJVpu2qrrdto6sTok
bioprocess_protein,59921,4747,:33770101:MHE9rwtUwvjQNZqrzxSsmr
disease_phenotype_positive,40189,27706,:33741226:LZ5LARpQNZXV3GqMvCNU8J
disease_phenotype_positive,40189,30402,:33741226:EAHDs26NG9uQfGaEfBQue4
disease_phenotype_positive,40189,27446,:33523015:Ksh4FXzQrNzH6zhj3oDdkE
disease_phenotype_positive,40189,31753,:33471740:9BVNnApnMtUaukMCaSLJDK
cellcomp_protein,118670,4660,:33423297:bbkdKJ6seLAM2hXzDT7moe
bioprocess_protein,57069,9016,:33407808:Mpvn4SLYmhgUPwTw3Sgdjf
disease_protein,41103,26355,:33314705:7yk55v8Qj5RhK2v3fFMHCK
disease_protein,41103,68019,:33314705:7yk55v8Qj5RhK2v3fFMHCK
disease_protein,41103,16717,:33314705:BLm4y8TJBMwTwyZhxJC6G8
disease_protein,41103,16696,:33314705:J77AREvhL3SKZ5P2hAeaNL
disease_protein,47619,16696,:33314705:NJLsisy6c5oQbF57LxujnX
disease_phenotype_positive,40189,73007,:33309480:bmbFmUBW64KWH7jCCRSidr
bioprocess_protein,62424,9733,:33259860:eCqr6PJzERoCZvxPFgwrow
disease_protein,40189,9733,:33259860:nLJmcYXZBGYksMrFNDRcsn
disease_protein,40189,2533,:33257646:M7nq6HkqzNEqbAqiGYye9X
disease_phenotype_positive,40189,74581,:33131659:5GZWnRmPTLyzVpHW9LkQMc
disease_protein,40189,7540,:33114289:c9bNnTafStfYBZ4KXNpMLj
disease_protein,40189,10148,:33068545:M5zshszMWAvEUqrXDYoXvx
disease_phenotype_positive,40189,73408,:33002199:PoxwbcacsxvimdVysVJ6rf
disease_protein,40189,2692,:32791870:mM4X7hPyoR4sjNJUWWk2dx
disease_protein,40189,3340,:32791870:NcUmcAShY9CCzaypWQrRsM
disease_protein,40189,5782,:32791870:XFwQSz8iAj5L5cZk3RhifQ
disease_protein,40189,15398,:32791870:apz8WXyZpqxDJgL26DozCo
disease_protein,40189,6732,:32791870:j2q7qwuMsq9rPSViT9Mk2M
disease_protein,40189,800,:32791870:JagdSx83ZzGHRDt7UXVwbW
disease_protein,40189,13347,:32791870:cU8WQPGL2pPWLENYyfqNt4
disease_protein,40189,650,:32791870:PHmnTdc37UezzmzG3AHzMN
bioprocess_protein,64467,9016,:32789934:BngFtAbRqwvviXL44rVkpf
disease_phenotype_positive,40189,30824,:32772581:KDLdYApSwBGtac4MpZQDDJ
disease_phenotype_positive,40189,27854,:32772581:jaqaG66Pn4pbAf3C9p9ubi
disease_protein,40189,2938,:32766788:PxYynaaBpzH7syG3FrtPTo
disease_phenotype_positive,40189,81239,:32758414:MZTQt98TjcvtAzqiNZ9eLj
disease_phenotype_positive,40189,30652,:32740854:Hkret5agmync4Xvs8xRdZk
disease_disease,40189,33185,:32738034:oUtpZT79vDcNeN6gfzboZX
disease_protein,40189,7832,:32592467:Mcq2gfvjAPVs7XuQCNmnmK
disease_protein,40189,3162,:32592467:FfukU4VuPEgURy9wq95ZDM
disease_protein,40189,9092,:32592467:DhGjdduCRNYYMsnx5Af845
disease_phenotype_positive,40189,78385,:32447503:Mb5hsfKzXqyJ6KAiDgh7xF
disease_phenotype_positive,40189,73324,:32447503:eGoKxScNrmasMoz73fqDv5
disease_phenotype_positive,40189,73739,:32447503:Ev7eR2NpdWtF2FJMfeyVsD
disease_phenotype_positive,40189,73746,:32447503:fPQxWVGf8S6R68P65ecmEA
disease_phenotype_positive,40189,74629,:32447503:dfr3bBDEESWyqsPUVUFqMC
disease_phenotype_positive,40189,73511,:32447503:LYf4nhj7MUAQdui4f8yutf
disease_protein,40189,1845,:32419339:jo2naDoVgH5tnfQhZcQyZS
disease_phenotype_positive,49513,27148,:32222927:WXNffZSuB3D3cAvEgmXtWi
disease_phenotype_positive,49513,72982,:32222927:DbGzuG3qVkeqpiGQMoHD5C
disease_protein,49943,364,:32211681:WBGRNWxjbxD6Xo9PfSbtcC
disease_protein,49943,15849,:32211681:BoHX9HwvhXJ5adMwUYciBg
bioprocess_protein,57069,4541,:32157826:8tWbiTiN29e52XFShjP2Ax
bioprocess_protein,57069,7052,:32157826:RDeZKC4GCTQUNzMgevfaRw
bioprocess_protein,57069,11105,:32157826:44iw4XgcLxpc65ovxHQeV8
bioprocess_protein,57069,2241,:32157826:fWGA3LyQgfLJ9QmjrXMqEk
bioprocess_protein,57069,8107,:32157826:gNvwG4tWw29KWF2h5ktDK2
bioprocess_protein,57069,13265,:32157826:FV7or8bQdgswq2MBBanUBM
bioprocess_protein,57069,2884,:32157826:nsjnBYuNefSTxvMYywN49o
bioprocess_protein,57069,8204,:32157826:cLS3BgXmPupfnvuV3ZUYVY
